Category,Difference,Observed Frequency,pValue,Cumulative
Consecutive Pairs,0.0,6495,0.5679930039352864,0.5679930039352864
Consecutive Pairs,1.0,4091,0.3577612592916484,0.9257542632269349
Consecutive Pairs,2.0,789,0.0689986882378662,0.0
Consecutive Pairs,3.0,59,0.005159597726278968,0.00524704853519895
Consecutive Pairs,4.0,1,8.745080891998251e-05,8.745080891998251e-05
Decade Cluster Score,2.0,7311,0.6393528640139922,0.6393528640139922
Decade Cluster Score,3.0,3627,0.3171840839527766,0.9565369479667687
Decade Cluster Score,4.0,482,0.04215128989943157,0.04346305203323131
Decade Cluster Score,5.0,15,0.0013117621337997377,0.0013117621337997377
Divisible by 3 Count,0.0,1304,0.1140358548316572,0.1140358548316572
Divisible by 3 Count,1.0,3836,0.3354613030170529,0.4494971578487101
Divisible by 3 Count,2.0,3996,0.3494534324442501,0.7989505902929601
Divisible by 3 Count,3.0,1903,0.1664188893747267,0.20104940970703977
Divisible by 3 Count,4.0,366,0.0320069960647136,0.03463052033231307
Divisible by 3 Count,5.0,30,0.0026235242675994755,0.0026235242675994755
Ending Digit Variety,2.0,45,0.003935286401399213,0.003935286401399213
Ending Digit Variety,3.0,1302,0.11386095321381723,0.11779623961521644
Ending Digit Variety,4.0,5576,0.4876257105378225,0.8822037603847837
Ending Digit Variety,5.0,4512,0.3945780498469611,0.3945780498469611
High Number Count,0.0,270,0.023611718408395276,0.023611718408395276
High Number Count,1.0,1530,0.13379973764757325,0.1574114560559685
High Number Count,2.0,3680,0.3218189768255356,0.47923043288150413
High Number Count,3.0,3844,0.33616090948841276,0.5207695671184959
High Number Count,4.0,1785,0.15609969392216877,0.18460865763008308
High Number Count,5.0,326,0.0285089637079143,0.0285089637079143
Low - High,-5.0,326,0.0285089637079143,0.0285089637079143
Low - High,-3.0,1785,0.15609969392216877,0.18460865763008308
Low - High,-1.0,3844,0.33616090948841276,0.5207695671184959
Low - High,1.0,3680,0.3218189768255356,0.47923043288150413
Low - High,3.0,1530,0.13379973764757325,0.1574114560559685
Low - High,5.0,270,0.023611718408395276,0.023611718408395276
Middle Third Count,0.0,1366,0.1194578049846961,0.1194578049846961
Middle Third Count,1.0,3934,0.3440314822912112,0.4634892872759073
Middle Third Count,2.0,3961,0.3463926541320507,0.8098819414079581
Middle Third Count,3.0,1792,0.15671184958460865,0.19011805859204198
Middle Third Count,4.0,365,0.031919545255793616,0.03340620900743332
Middle Third Count,5.0,17,0.0014866637516397026,0.0014866637516397026
Odd - Even,-5.0,220,0.019239177962396152,0.019239177962396152
Odd - Even,-3.0,1518,0.13275032794053346,0.15198950590292962
Odd - Even,-1.0,3617,0.3163095758635767,0.46829908176650636
Odd - Even,1.0,3966,0.34682990817665066,0.5317009182334937
Odd - Even,3.0,1806,0.15793616090948842,0.18487101005684303
Odd - Even,5.0,308,0.02693484914735461,0.02693484914735461
Prime Count,0.0,1618,0.1414954088325317,0.1414954088325317
Prime Count,1.0,4067,0.35566243987756885,0.49715784871010055
Prime Count,2.0,3892,0.3403585483165719,0.8375163970266725
Prime Count,3.0,1577,0.13790992566681243,0.1624836029733275
Prime Count,4.0,271,0.02369916921731526,0.024573677306515083
Prime Count,5.0,10,0.0008745080891998251,0.0008745080891998251
Spread,4.0,1,8.745080891998251e-05,8.745080891998251e-05
Spread,5.0,5,0.00043725404459991256,0.000524704853519895
Spread,6.0,8,0.0006996064713598601,0.001224311324879755
Spread,7.0,15,0.0013117621337997377,0.0025360734586794926
Spread,8.0,19,0.0016615653694796676,0.00419763882815916
Spread,9.0,29,0.0025360734586794926,0.006733712286838653
Spread,10.0,51,0.004459991254919108,0.011193703541757761
Spread,11.0,64,0.005596851770878881,0.01679055531263664
Spread,12.0,95,0.008307826847398338,0.02509838216003498
Spread,13.0,134,0.011718408395277656,0.03681679055531264
Spread,14.0,148,0.012942719720157411,0.04975951027547005
Spread,15.0,174,0.015216440752076957,0.06497595102754701
Spread,16.0,220,0.019239177962396152,0.08421512898994316
Spread,17.0,251,0.02195015303891561,0.10616528202885876
Spread,18.0,285,0.024923480542195016,0.13108876257105379
Spread,19.0,303,0.0264975951027547,0.1575863576738085
Spread,20.0,367,0.03209444687363358,0.18968080454744207
Spread,21.0,430,0.03760384783559248,0.0
Spread,22.0,438,0.03830345430695234,0.7727153476169655
Spread,23.0,468,0.04092697857455181,0.7344118933100131
Spread,24.0,552,0.04827284652383035,0.6934849147354613
Spread,25.0,560,0.04897245299519021,0.6452120682116309
Spread,26.0,621,0.05430695233930914,0.5962396152164408
Spread,27.0,586,0.05124617402710975,0.5419326628771316
Spread,28.0,635,0.055531263664188896,0.49068648885002186
Spread,29.0,641,0.05605596851770879,0.43515522518583294
Spread,30.0,641,0.05605596851770879,0.37909925666812416
Spread,31.0,654,0.05719282903366856,0.3230432881504154
Spread,32.0,614,0.05369479667686926,0.2658504591167468
Spread,33.0,563,0.049234805421950155,0.21215566243987757
Spread,34.0,526,0.0459991254919108,0.1629208570179274
Spread,35.0,478,0.04180148666375164,0.11692173152601662
Spread,36.0,415,0.036292085701792744,0.07512024486226498
Spread,37.0,299,0.02614779186707477,0.038828159160472234
Spread,38.0,145,0.012680367293397464,0.012680367293397464
Standard Deviation,1.41,1,8.745080891998251e-05,8.745080891998251e-05
Standard Deviation,1.72,1,8.745080891998251e-05,0.00017490161783996502
Standard Deviation,1.85,4,0.00034980323567993004,0.000524704853519895
Standard Deviation,2.0,2,0.00017490161783996502,0.0006996064713598601
Standard Deviation,2.06,1,8.745080891998251e-05,0.0007870572802798426
Standard Deviation,2.15,1,8.745080891998251e-05,0.0008745080891998251
Standard Deviation,2.28,1,8.745080891998251e-05,0.0009619588981198076
Standard Deviation,2.32,5,0.00043725404459991256,0.0013992129427197202
Standard Deviation,2.42,5,0.00043725404459991256,0.0018364669873196327
Standard Deviation,2.56,1,8.745080891998251e-05,0.001923917796239615
Standard Deviation,2.58,3,0.0002623524267599475,0.0021862702229995625
Standard Deviation,2.61,1,8.745080891998251e-05,0.002273721031919545
Standard Deviation,2.71,1,8.745080891998251e-05,0.0023611718408395274
Standard Deviation,2.73,3,0.0002623524267599475,0.002623524267599475
Standard Deviation,2.79,1,8.745080891998251e-05,0.0027109750765194575
Standard Deviation,2.83,2,0.00017490161783996502,0.0028858766943594223
Standard Deviation,2.86,2,0.00017490161783996502,0.003060778312199387
Standard Deviation,2.87,1,8.745080891998251e-05,0.0031482291211193695
Standard Deviation,2.93,1,8.745080891998251e-05,0.003235679930039352
Standard Deviation,2.99,1,8.745080891998251e-05,0.0033231307389593344
Standard Deviation,3.01,3,0.0002623524267599475,0.003585483165719282
Standard Deviation,3.03,3,0.0002623524267599475,0.0038478355924792297
Standard Deviation,3.06,3,0.0002623524267599475,0.004110188019239177
Standard Deviation,3.07,3,0.0002623524267599475,0.004372540445999124
Standard Deviation,3.12,1,8.745080891998251e-05,0.004459991254919107
Standard Deviation,3.16,2,0.00017490161783996502,0.0046348928727590714
Standard Deviation,3.19,2,0.00017490161783996502,0.004809794490599036
Standard Deviation,3.2,2,0.00017490161783996502,0.004984696108439001
Standard Deviation,3.22,1,8.745080891998251e-05,0.0050721469173589835
Standard Deviation,3.26,8,0.0006996064713598601,0.005771753388718844
Standard Deviation,3.29,1,8.745080891998251e-05,0.005859204197638826
Standard Deviation,3.31,7,0.0006121556624398776,0.006471359860078704
Standard Deviation,3.32,2,0.00017490161783996502,0.006646261477918669
Standard Deviation,3.37,1,8.745080891998251e-05,0.006733712286838651
Standard Deviation,3.38,1,8.745080891998251e-05,0.0068211630957586335
Standard Deviation,3.41,2,0.00017490161783996502,0.006996064713598598
Standard Deviation,3.43,1,8.745080891998251e-05,0.007083515522518581
Standard Deviation,3.44,5,0.00043725404459991256,0.007520769567118494
Standard Deviation,3.49,1,8.745080891998251e-05,0.007608220376038476
Standard Deviation,3.5,3,0.0002623524267599475,0.007870572802798424
Standard Deviation,3.52,1,8.745080891998251e-05,0.007958023611718407
Standard Deviation,3.54,5,0.00043725404459991256,0.008395277656318319
Standard Deviation,3.56,2,0.00017490161783996502,0.008570179274158284
Standard Deviation,3.58,1,8.745080891998251e-05,0.008657630083078266
Standard Deviation,3.6,2,0.00017490161783996502,0.00883253170091823
Standard Deviation,3.61,8,0.0006996064713598601,0.00953213817227809
Standard Deviation,3.63,1,8.745080891998251e-05,0.009619588981198073
Standard Deviation,3.66,2,0.00017490161783996502,0.009794490599038037
Standard Deviation,3.69,2,0.00017490161783996502,0.009969392216878002
Standard Deviation,3.71,3,0.0002623524267599475,0.01023174464363795
Standard Deviation,3.72,3,0.0002623524267599475,0.010494097070397897
Standard Deviation,3.74,5,0.00043725404459991256,0.010931351114997809
Standard Deviation,3.76,4,0.00034980323567993004,0.011281154350677738
Standard Deviation,3.77,1,8.745080891998251e-05,0.01136860515959772
Standard Deviation,3.83,1,8.745080891998251e-05,0.011456055968517703
Standard Deviation,3.85,3,0.0002623524267599475,0.01171840839527765
Standard Deviation,3.87,9,0.0007870572802798426,0.012505465675557492
Standard Deviation,3.88,1,8.745080891998251e-05,0.012592916484477475
Standard Deviation,3.9,2,0.00017490161783996502,0.01276781810231744
Standard Deviation,3.92,2,0.00017490161783996502,0.012942719720157404
Standard Deviation,3.93,6,0.000524704853519895,0.013467424573677299
Standard Deviation,3.97,2,0.00017490161783996502,0.013642326191517264
Standard Deviation,3.98,2,0.00017490161783996502,0.013817227809357228
Standard Deviation,4.0,1,8.745080891998251e-05,0.01390467861827721
Standard Deviation,4.02,4,0.00034980323567993004,0.01425448185395714
Standard Deviation,4.03,3,0.0002623524267599475,0.014516834280717088
Standard Deviation,4.05,1,8.745080891998251e-05,0.01460428508963707
Standard Deviation,4.07,6,0.000524704853519895,0.015128989943156965
Standard Deviation,4.08,1,8.745080891998251e-05,0.015216440752076947
Standard Deviation,4.1,3,0.0002623524267599475,0.015478793178836894
Standard Deviation,4.12,4,0.00034980323567993004,0.015828596414516824
Standard Deviation,4.13,3,0.0002623524267599475,0.01609094884127677
Standard Deviation,4.15,2,0.00017490161783996502,0.016265850459116736
Standard Deviation,4.17,3,0.0002623524267599475,0.016528202885876683
Standard Deviation,4.18,5,0.00043725404459991256,0.016965456930476595
Standard Deviation,4.2,2,0.00017490161783996502,0.01714035854831656
Standard Deviation,4.22,5,0.00043725404459991256,0.017577612592916472
Standard Deviation,4.24,6,0.000524704853519895,0.018102317446436367
Standard Deviation,4.26,6,0.000524704853519895,0.01862702229995626
Standard Deviation,4.27,2,0.00017490161783996502,0.018801923917796226
Standard Deviation,4.31,8,0.0006996064713598601,0.019501530389156085
Standard Deviation,4.32,11,0.0009619588981198076,0.020463489287275892
Standard Deviation,4.34,9,0.0007870572802798426,0.021250546567555734
Standard Deviation,4.35,2,0.00017490161783996502,0.0214254481853957
Standard Deviation,4.36,5,0.00043725404459991256,0.02186270222999561
Standard Deviation,4.38,1,8.745080891998251e-05,0.021950153038915593
Standard Deviation,4.4,3,0.0002623524267599475,0.02221250546567554
Standard Deviation,4.41,5,0.00043725404459991256,0.022649759510275452
Standard Deviation,4.43,2,0.00017490161783996502,0.022824661128115417
Standard Deviation,4.45,9,0.0007870572802798426,0.02361171840839526
Standard Deviation,4.47,5,0.00043725404459991256,0.02404897245299517
Standard Deviation,4.49,1,8.745080891998251e-05,0.024136423261915153
Standard Deviation,4.5,13,0.0011368605159597727,0.025273283777874925
Standard Deviation,4.53,15,0.0013117621337997377,0.02658504591167466
Standard Deviation,4.54,2,0.00017490161783996502,0.026759947529514626
Standard Deviation,4.58,4,0.00034980323567993004,0.027109750765194555
Standard Deviation,4.59,7,0.0006121556624398776,0.027721906427634432
Standard Deviation,4.6,7,0.0006121556624398776,0.02833406209007431
Standard Deviation,4.62,12,0.00104940970703979,0.029383471797114098
Standard Deviation,4.63,4,0.00034980323567993004,0.029733275032794028
Standard Deviation,4.66,1,8.745080891998251e-05,0.02982072584171401
Standard Deviation,4.67,2,0.00017490161783996502,0.029995627459553975
Standard Deviation,4.69,9,0.0007870572802798426,0.030782684739833817
Standard Deviation,4.71,11,0.0009619588981198076,0.03174464363795362
Standard Deviation,4.72,1,8.745080891998251e-05,0.031832094446873606
Standard Deviation,4.73,2,0.00017490161783996502,0.03200699606471357
Standard Deviation,4.75,4,0.00034980323567993004,0.0323567993003935
Standard Deviation,4.76,9,0.0007870572802798426,0.03314385658067334
Standard Deviation,4.77,2,0.00017490161783996502,0.03331875819851331
Standard Deviation,4.79,7,0.0006121556624398776,0.033930913860953184
Standard Deviation,4.8,1,8.745080891998251e-05,0.034018364669873166
Standard Deviation,4.82,1,8.745080891998251e-05,0.03410581547879315
Standard Deviation,4.83,11,0.0009619588981198076,0.035067774376912955
Standard Deviation,4.84,5,0.00043725404459991256,0.03550502842151287
Standard Deviation,4.86,3,0.0002623524267599475,0.035767380848272814
Standard Deviation,4.87,5,0.00043725404459991256,0.03620463489287273
Standard Deviation,4.88,5,0.00043725404459991256,0.03664188893747264
Standard Deviation,4.9,2,0.00017490161783996502,0.036816790555312603
Standard Deviation,4.92,10,0.0008745080891998251,0.03769129864451243
Standard Deviation,4.94,3,0.0002623524267599475,0.037953651071272375
Standard Deviation,4.96,19,0.0016615653694796676,0.03961521644075204
Standard Deviation,4.98,1,8.745080891998251e-05,0.03970266724967202
Standard Deviation,5.0,14,0.001224311324879755,0.04092697857455178
Standard Deviation,5.02,2,0.00017490161783996502,0.04110188019239174
Standard Deviation,5.04,15,0.0013117621337997377,0.04241364232619148
Standard Deviation,5.06,2,0.00017490161783996502,0.04258854394403144
Standard Deviation,5.08,12,0.00104940970703979,0.04363795365107123
Standard Deviation,5.1,8,0.0006996064713598601,0.04433756012243109
Standard Deviation,5.11,2,0.00017490161783996502,0.044512461740271056
Standard Deviation,5.12,3,0.0002623524267599475,0.044774814167031
Standard Deviation,5.14,3,0.0002623524267599475,0.04503716659379095
Standard Deviation,5.15,3,0.0002623524267599475,0.0452995190205509
Standard Deviation,5.16,13,0.0011368605159597727,0.04643637953651067
Standard Deviation,5.18,6,0.000524704853519895,0.046961084390030564
Standard Deviation,5.19,11,0.0009619588981198076,0.04792304328815037
Standard Deviation,5.2,3,0.0002623524267599475,0.04818539571491032
Standard Deviation,5.22,4,0.00034980323567993004,0.04853519895059025
Standard Deviation,5.23,2,0.00017490161783996502,0.04871010056843021
Standard Deviation,5.24,8,0.0006996064713598601,0.04940970703979007
Standard Deviation,5.25,1,8.745080891998251e-05,0.049497157848710054
Standard Deviation,5.27,9,0.0007870572802798426,0.050284215128989895
Standard Deviation,5.28,4,0.00034980323567993004,0.050634018364669825
Standard Deviation,5.29,2,0.00017490161783996502,0.05080891998250979
Standard Deviation,5.31,18,0.0015741145605596852,0.05238303454306947
Standard Deviation,5.33,8,0.0006996064713598601,0.05308264101442933
Standard Deviation,5.34,3,0.0002623524267599475,0.05334499344118928
Standard Deviation,5.35,7,0.0006121556624398776,0.05395714910362916
Standard Deviation,5.38,5,0.00043725404459991256,0.05439440314822907
Standard Deviation,5.39,7,0.0006121556624398776,0.055006558810668946
Standard Deviation,5.4,3,0.0002623524267599475,0.05526891123742889
Standard Deviation,5.42,16,0.0013992129427197202,0.05666812418014861
Standard Deviation,5.43,9,0.0007870572802798426,0.05745518146042845
Standard Deviation,5.46,13,0.0011368605159597727,0.058592041976388225
Standard Deviation,5.48,2,0.00017490161783996502,0.05876694359422819
Standard Deviation,5.49,14,0.001224311324879755,0.05999125491910794
Standard Deviation,5.51,1,8.745080891998251e-05,0.060078705728027926
Standard Deviation,5.53,9,0.0007870572802798426,0.06086576300830777
Standard Deviation,5.54,8,0.0006996064713598601,0.06156536947966763
Standard Deviation,5.55,5,0.00043725404459991256,0.06200262352426754
Standard Deviation,5.56,7,0.0006121556624398776,0.06261477918670742
Standard Deviation,5.57,2,0.00017490161783996502,0.06278968080454739
Standard Deviation,5.59,2,0.00017490161783996502,0.06296458242238735
Standard Deviation,5.6,3,0.0002623524267599475,0.0632269348491473
Standard Deviation,5.61,13,0.0011368605159597727,0.06436379536510708
Standard Deviation,5.62,4,0.00034980323567993004,0.06471359860078701
Standard Deviation,5.64,17,0.0014866637516397026,0.06620026235242672
Standard Deviation,5.66,8,0.0006996064713598601,0.06689986882378658
Standard Deviation,5.67,2,0.00017490161783996502,0.06707477044162655
Standard Deviation,5.68,14,0.001224311324879755,0.0682990817665063
Standard Deviation,5.69,2,0.00017490161783996502,0.06847398338434627
Standard Deviation,5.71,14,0.001224311324879755,0.06969829470922602
Standard Deviation,5.73,1,8.745080891998251e-05,0.06978574551814601
Standard Deviation,5.74,6,0.000524704853519895,0.0703104503716659
Standard Deviation,5.75,10,0.0008745080891998251,0.07118495846086573
Standard Deviation,5.76,6,0.000524704853519895,0.07170966331438562
Standard Deviation,5.78,14,0.001224311324879755,0.07293397463926538
Standard Deviation,5.81,7,0.0006121556624398776,0.07354613030170526
Standard Deviation,5.82,6,0.000524704853519895,0.07407083515522515
Standard Deviation,5.83,5,0.00043725404459991256,0.07450808919982507
Standard Deviation,5.84,13,0.0011368605159597727,0.07564494971578485
Standard Deviation,5.85,7,0.0006121556624398776,0.07625710537822473
Standard Deviation,5.87,3,0.0002623524267599475,0.07651945780498469
Standard Deviation,5.88,4,0.00034980323567993004,0.07686926104066462
Standard Deviation,5.89,15,0.0013117621337997377,0.07818102317446436
Standard Deviation,5.9,6,0.000524704853519895,0.07870572802798426
Standard Deviation,5.91,18,0.0015741145605596852,0.08027984258854394
Standard Deviation,5.92,2,0.00017490161783996502,0.0804547442063839
Standard Deviation,5.93,6,0.000524704853519895,0.0809794490599038
Standard Deviation,5.95,24,0.00209881941407958,0.08307826847398338
Standard Deviation,5.97,10,0.0008745080891998251,0.0839527765631832
Standard Deviation,5.98,8,0.0006996064713598601,0.08465238303454306
Standard Deviation,5.99,6,0.000524704853519895,0.08517708788806296
Standard Deviation,6.0,5,0.00043725404459991256,0.08561434193266287
Standard Deviation,6.01,9,0.0007870572802798426,0.08640139921294272
Standard Deviation,6.02,8,0.0006996064713598601,0.08710100568430258
Standard Deviation,6.03,1,8.745080891998251e-05,0.08718845649322257
Standard Deviation,6.05,17,0.0014866637516397026,0.08867512024486228
Standard Deviation,6.07,5,0.00043725404459991256,0.0891123742894622
Standard Deviation,6.08,4,0.00034980323567993004,0.08946217752514213
Standard Deviation,6.09,14,0.001224311324879755,0.09068648885002188
Standard Deviation,6.1,8,0.0006996064713598601,0.09138609532138174
Standard Deviation,6.11,10,0.0008745080891998251,0.09226060341058157
Standard Deviation,6.13,3,0.0002623524267599475,0.09252295583734152
Standard Deviation,6.14,4,0.00034980323567993004,0.09287275907302145
Standard Deviation,6.15,19,0.0016615653694796676,0.09453432444250112
Standard Deviation,6.16,5,0.00043725404459991256,0.09497157848710104
Standard Deviation,6.18,18,0.0015741145605596852,0.09654569304766072
Standard Deviation,6.2,2,0.00017490161783996502,0.09672059466550069
Standard Deviation,6.21,7,0.0006121556624398776,0.09733275032794057
Standard Deviation,6.22,10,0.0008745080891998251,0.0982072584171404
Standard Deviation,6.23,12,0.00104940970703979,0.09925666812418019
Standard Deviation,6.24,17,0.0014866637516397026,0.1007433318758199
Standard Deviation,6.25,3,0.0002623524267599475,0.10100568430257985
Standard Deviation,6.26,2,0.00017490161783996502,0.10118058592041981
Standard Deviation,6.27,8,0.0006996064713598601,0.10188019239177967
Standard Deviation,6.28,10,0.0008745080891998251,0.1027547004809795
Standard Deviation,6.29,1,8.745080891998251e-05,0.10284215128989949
Standard Deviation,6.31,10,0.0008745080891998251,0.10371665937909931
Standard Deviation,6.32,9,0.0007870572802798426,0.10450371665937916
Standard Deviation,6.34,22,0.0019239177962396153,0.10642763445561877
Standard Deviation,6.36,3,0.0002623524267599475,0.10668998688237873
Standard Deviation,6.37,16,0.0013992129427197202,0.10808919982509844
Standard Deviation,6.39,1,8.745080891998251e-05,0.10817665063401843
Standard Deviation,6.4,6,0.000524704853519895,0.10870135548753833
Standard Deviation,6.41,11,0.0009619588981198076,0.10966331438565814
Standard Deviation,6.42,12,0.00104940970703979,0.11071272409269793
Standard Deviation,6.43,22,0.0019239177962396153,0.11263664188893754
Standard Deviation,6.44,8,0.0006996064713598601,0.1133362483602974
Standard Deviation,6.45,1,8.745080891998251e-05,0.11342369916921739
Standard Deviation,6.46,4,0.00034980323567993004,0.11377350240489732
Standard Deviation,6.47,14,0.001224311324879755,0.11499781372977708
Standard Deviation,6.48,3,0.0002623524267599475,0.11526016615653703
Standard Deviation,6.49,8,0.0006996064713598601,0.11595977262789689
Standard Deviation,6.5,1,8.745080891998251e-05,0.11604722343681688
Standard Deviation,6.51,2,0.00017490161783996502,0.11622212505465684
Standard Deviation,6.52,8,0.0006996064713598601,0.1169217315260167
Standard Deviation,6.53,16,0.0013992129427197202,0.11832094446873642
Standard Deviation,6.54,8,0.0006996064713598601,0.11902055094009628
Standard Deviation,6.55,11,0.0009619588981198076,0.1199825098382161
Standard Deviation,6.56,3,0.0002623524267599475,0.12024486226497605
Standard Deviation,6.57,2,0.00017490161783996502,0.12041976388281601
Standard Deviation,6.58,4,0.00034980323567993004,0.12076956711849594
Standard Deviation,6.59,9,0.0007870572802798426,0.12155662439877579
Standard Deviation,6.6,4,0.00034980323567993004,0.12190642763445572
Standard Deviation,6.62,17,0.0014866637516397026,0.12339309138609543
Standard Deviation,6.63,3,0.0002623524267599475,0.12365544381285538
Standard Deviation,6.65,16,0.0013992129427197202,0.12505465675557512
Standard Deviation,6.66,6,0.000524704853519895,0.12557936160909502
Standard Deviation,6.68,12,0.00104940970703979,0.1266287713161348
Standard Deviation,6.69,4,0.00034980323567993004,0.12697857455181474
Standard Deviation,6.71,20,0.0017490161783996502,0.1287275907302144
Standard Deviation,6.72,10,0.0008745080891998251,0.12960209881941423
Standard Deviation,6.73,10,0.0008745080891998251,0.13047660690861407
Standard Deviation,6.74,10,0.0008745080891998251,0.1313511149978139
Standard Deviation,6.75,3,0.0002623524267599475,0.13161346742457386
Standard Deviation,6.76,4,0.00034980323567993004,0.1319632706602538
Standard Deviation,6.77,13,0.0011368605159597727,0.13310013117621355
Standard Deviation,6.78,7,0.0006121556624398776,0.13371228683865344
Standard Deviation,6.79,21,0.0018364669873196327,0.13554875382597306
Standard Deviation,6.8,5,0.00043725404459991256,0.13598600787057297
Standard Deviation,6.81,4,0.00034980323567993004,0.1363358111062529
Standard Deviation,6.82,1,8.745080891998251e-05,0.13642326191517287
Standard Deviation,6.83,12,0.00104940970703979,0.13747267162221266
Standard Deviation,6.84,9,0.0007870572802798426,0.1382597289024925
Standard Deviation,6.85,11,0.0009619588981198076,0.1392216878006123
Standard Deviation,6.86,6,0.000524704853519895,0.13974639265413222
Standard Deviation,6.87,7,0.0006121556624398776,0.1403585483165721
Standard Deviation,6.88,4,0.00034980323567993004,0.14070835155225203
Standard Deviation,6.89,14,0.001224311324879755,0.1419326628771318
Standard Deviation,6.9,1,8.745080891998251e-05,0.14202011368605177
Standard Deviation,6.91,15,0.0013117621337997377,0.14333187581985152
Standard Deviation,6.92,10,0.0008745080891998251,0.14420638390905136
Standard Deviation,6.93,5,0.00043725404459991256,0.14464363795365126
Standard Deviation,6.94,3,0.0002623524267599475,0.14490599038041121
Standard Deviation,6.95,16,0.0013992129427197202,0.14630520332313093
Standard Deviation,6.96,5,0.00043725404459991256,0.14674245736773084
Standard Deviation,6.97,23,0.0020113686051595977,0.14875382597289044
Standard Deviation,6.99,7,0.0006121556624398776,0.14936598163533032
Standard Deviation,7.0,13,0.0011368605159597727,0.1505028421512901
Standard Deviation,7.01,6,0.000524704853519895,0.15102754700481
Standard Deviation,7.03,24,0.00209881941407958,0.15312636641888958
Standard Deviation,7.04,7,0.0006121556624398776,0.15373852208132946
Standard Deviation,7.05,8,0.0006996064713598601,0.15443812855268932
Standard Deviation,7.06,11,0.0009619588981198076,0.15540008745080913
Standard Deviation,7.07,7,0.0006121556624398776,0.15601224311324902
Standard Deviation,7.08,15,0.0013117621337997377,0.15732400524704876
Standard Deviation,7.09,16,0.0013992129427197202,0.15872321818976848
Standard Deviation,7.11,8,0.0006996064713598601,0.15942282466112834
Standard Deviation,7.12,3,0.0002623524267599475,0.1596851770878883
Standard Deviation,7.13,10,0.0008745080891998251,0.16055968517708813
Standard Deviation,7.14,23,0.0020113686051595977,0.16257105378224773
Standard Deviation,7.16,4,0.00034980323567993004,0.16292085701792766
Standard Deviation,7.17,27,0.002361171840839528,0.1652820288587672
Standard Deviation,7.18,4,0.00034980323567993004,0.16563183209444712
Standard Deviation,7.19,20,0.0017490161783996502,0.16738084827284677
Standard Deviation,7.2,2,0.00017490161783996502,0.16755574989068675
Standard Deviation,7.21,1,8.745080891998251e-05,0.16764320069960673
Standard Deviation,7.22,13,0.0011368605159597727,0.1687800612155665
Standard Deviation,7.23,18,0.0015741145605596852,0.1703541757761262
Standard Deviation,7.24,8,0.0006996064713598601,0.17105378224748605
Standard Deviation,7.25,15,0.0013117621337997377,0.1723655443812858
Standard Deviation,7.26,8,0.0006996064713598601,0.17306515085264565
Standard Deviation,7.27,3,0.0002623524267599475,0.1733275032794056
Standard Deviation,7.28,8,0.0006996064713598601,0.17402710975076546
Standard Deviation,7.29,6,0.000524704853519895,0.17455181460428537
Standard Deviation,7.3,26,0.0022737210319195454,0.17682553563620493
Standard Deviation,7.31,4,0.00034980323567993004,0.17717533887188486
Standard Deviation,7.32,3,0.0002623524267599475,0.1774376912986448
Standard Deviation,7.33,3,0.0002623524267599475,0.17770004372540477
Standard Deviation,7.34,21,0.0018364669873196327,0.1795365107127244
Standard Deviation,7.35,7,0.0006121556624398776,0.18014866637516427
Standard Deviation,7.36,21,0.0018364669873196327,0.1819851333624839
Standard Deviation,7.38,4,0.00034980323567993004,0.18233493659816383
Standard Deviation,7.39,34,0.002973327503279405,0.18530826410144324
Standard Deviation,7.4,14,0.001224311324879755,0.186532575426323
Standard Deviation,7.41,8,0.0006996064713598601,0.18723218189768287
Standard Deviation,7.42,7,0.0006121556624398776,0.18784433756012275
Standard Deviation,7.43,1,8.745080891998251e-05,0.18793178836904273
Standard Deviation,7.44,7,0.0006121556624398776,0.1885439440314826
Standard Deviation,7.45,5,0.00043725404459991256,0.18898119807608252
Standard Deviation,7.46,7,0.0006121556624398776,0.1895933537385224
Standard Deviation,7.47,23,0.0020113686051595977,0.191604722343682
Standard Deviation,7.48,9,0.0007870572802798426,0.19239177962396184
Standard Deviation,7.49,4,0.00034980323567993004,0.19274158285964177
Standard Deviation,7.5,12,0.00104940970703979,0.19379099256668156
Standard Deviation,7.51,5,0.00043725404459991256,0.19422824661128146
Standard Deviation,7.52,9,0.0007870572802798426,0.1950153038915613
Standard Deviation,7.53,7,0.0006121556624398776,0.19562745955400118
Standard Deviation,7.54,3,0.0002623524267599475,0.19588981198076114
Standard Deviation,7.55,30,0.0026235242675994755,0.19851333624836062
Standard Deviation,7.56,4,0.00034980323567993004,0.19886313948404055
Standard Deviation,7.57,13,0.0011368605159597727,0.20000000000000032
Standard Deviation,7.58,13,0.0011368605159597727,0.20113686051596008
Standard Deviation,7.59,2,0.00017490161783996502,0.20131176213380006
Standard Deviation,7.6,8,0.0006996064713598601,0.20201136860515992
Standard Deviation,7.61,15,0.0013117621337997377,0.20332313073895966
Standard Deviation,7.62,11,0.0009619588981198076,0.20428508963707948
Standard Deviation,7.63,21,0.0018364669873196327,0.2061215566243991
Standard Deviation,7.64,3,0.0002623524267599475,0.20638390905115905
Standard Deviation,7.65,8,0.0006996064713598601,0.2070835155225189
Standard Deviation,7.66,14,0.001224311324879755,0.20830782684739868
Standard Deviation,7.67,5,0.00043725404459991256,0.20874508089199859
Standard Deviation,7.68,25,0.0021862702229995625,0.21093135111499814
Standard Deviation,7.69,4,0.00034980323567993004,0.21128115435067807
Standard Deviation,7.7,6,0.000524704853519895,0.21180585920419798
Standard Deviation,7.71,11,0.0009619588981198076,0.2127678181023178
Standard Deviation,7.72,4,0.00034980323567993004,0.21311762133799772
Standard Deviation,7.73,13,0.0011368605159597727,0.21425448185395748
Standard Deviation,7.74,9,0.0007870572802798426,0.21504153913423732
Standard Deviation,7.75,3,0.0002623524267599475,0.21530389156099727
Standard Deviation,7.76,15,0.0013117621337997377,0.21661565369479702
Standard Deviation,7.77,5,0.00043725404459991256,0.21705290773939692
Standard Deviation,7.78,24,0.00209881941407958,0.2191517271534765
Standard Deviation,7.79,4,0.00034980323567993004,0.21950153038915643
Standard Deviation,7.8,4,0.00034980323567993004,0.21985133362483636
Standard Deviation,7.81,26,0.0022737210319195454,0.22212505465675592
Standard Deviation,7.82,8,0.0006996064713598601,0.22282466112811578
Standard Deviation,7.83,18,0.0015741145605596852,0.22439877568867547
Standard Deviation,7.84,7,0.0006121556624398776,0.22501093135111536
Standard Deviation,7.85,1,8.745080891998251e-05,0.22509838216003533
Standard Deviation,7.86,33,0.0028858766943594227,0.22798425885439474
Standard Deviation,7.87,13,0.0011368605159597727,0.2291211193703545
Standard Deviation,7.88,7,0.0006121556624398776,0.2297332750327944
Standard Deviation,7.89,11,0.0009619588981198076,0.2306952339309142
Standard Deviation,7.91,15,0.0013117621337997377,0.23200699606471395
Standard Deviation,7.92,8,0.0006996064713598601,0.2327066025360738
Standard Deviation,7.93,17,0.0014866637516397026,0.2341932662877135
Standard Deviation,7.94,14,0.001224311324879755,0.23541757761259327
Standard Deviation,7.95,6,0.000524704853519895,0.23594228246611318
Standard Deviation,7.96,30,0.0026235242675994755,0.23856580673371267
Standard Deviation,7.97,7,0.0006121556624398776,0.23917796239615255
Standard Deviation,7.98,12,0.00104940970703979,0.24022737210319234
Standard Deviation,7.99,1,8.745080891998251e-05,0.2403148229121123
Standard Deviation,8.0,7,0.0006121556624398776,0.2409269785745522
Standard Deviation,8.01,25,0.0021862702229995625,0.24311324879755175
Standard Deviation,8.02,6,0.000524704853519895,0.24363795365107166
Standard Deviation,8.03,16,0.0013992129427197202,0.24503716659379138
Standard Deviation,8.04,12,0.00104940970703979,0.24608657630083117
Standard Deviation,8.05,2,0.00017490161783996502,0.24626147791867115
Standard Deviation,8.06,24,0.00209881941407958,0.24836029733275072
Standard Deviation,8.07,12,0.00104940970703979,0.2494097070397905
Standard Deviation,8.08,24,0.00209881941407958,0.2515085264538701
Standard Deviation,8.09,6,0.000524704853519895,0.25203323130739
Standard Deviation,8.1,4,0.00034980323567993004,0.25238303454307
Standard Deviation,8.11,21,0.0018364669873196327,0.25421950153038964
Standard Deviation,8.12,5,0.00043725404459991256,0.25465675557498957
Standard Deviation,8.13,14,0.001224311324879755,0.25588106689986934
Standard Deviation,8.14,7,0.0006121556624398776,0.2564932225623092
Standard Deviation,8.15,3,0.0002623524267599475,0.25675557498906915
Standard Deviation,8.16,27,0.002361171840839528,0.25911674682990865
Standard Deviation,8.17,11,0.0009619588981198076,0.26007870572802844
Standard Deviation,8.18,11,0.0009619588981198076,0.2610406646261482
Standard Deviation,8.19,5,0.00043725404459991256,0.26147791867074816
Standard Deviation,8.2,2,0.00017490161783996502,0.2616528202885881
Standard Deviation,8.21,18,0.0015741145605596852,0.2632269348491478
Standard Deviation,8.22,6,0.000524704853519895,0.2637516397026677
Standard Deviation,8.23,19,0.0016615653694796676,0.26541320507214733
Standard Deviation,8.24,15,0.0013117621337997377,0.26672496720594707
Standard Deviation,8.25,3,0.0002623524267599475,0.266987319632707
Standard Deviation,8.26,27,0.002361171840839528,0.2693484914735465
Standard Deviation,8.27,5,0.00043725404459991256,0.26978574551814644
Standard Deviation,8.28,23,0.0020113686051595977,0.27179711412330604
Standard Deviation,8.29,7,0.0006121556624398776,0.2724092697857459
Standard Deviation,8.3,9,0.0007870572802798426,0.27319632706602576
Standard Deviation,8.31,17,0.0014866637516397026,0.27468299081766545
Standard Deviation,8.32,8,0.0006996064713598601,0.2753825972890253
Standard Deviation,8.33,24,0.00209881941407958,0.2774814167031049
Standard Deviation,8.34,3,0.0002623524267599475,0.2777437691298648
Standard Deviation,8.35,7,0.0006121556624398776,0.2783559247923047
Standard Deviation,8.36,13,0.0011368605159597727,0.2794927853082645
Standard Deviation,8.37,8,0.0006996064713598601,0.28019239177962435
Standard Deviation,8.38,21,0.0018364669873196327,0.282028858766944
Standard Deviation,8.39,5,0.00043725404459991256,0.28246611281154393
Standard Deviation,8.4,20,0.0017490161783996502,0.2842151289899436
Standard Deviation,8.41,8,0.0006996064713598601,0.28491473546130347
Standard Deviation,8.42,16,0.0013992129427197202,0.2863139484040232
Standard Deviation,8.43,4,0.00034980323567993004,0.28666375163970315
Standard Deviation,8.44,5,0.00043725404459991256,0.2871010056843031
Standard Deviation,8.45,26,0.0022737210319195454,0.2893747267162226
Standard Deviation,8.46,7,0.0006121556624398776,0.2899868823786625
Standard Deviation,8.47,12,0.00104940970703979,0.2910362920857023
Standard Deviation,8.48,10,0.0008745080891998251,0.2919108001749021
Standard Deviation,8.49,19,0.0016615653694796676,0.29357236554438176
Standard Deviation,8.5,5,0.00043725404459991256,0.2940096195889817
Standard Deviation,8.51,8,0.0006996064713598601,0.29470922606034156
Standard Deviation,8.52,31,0.002710975076519458,0.297420201136861
Standard Deviation,8.53,5,0.00043725404459991256,0.29785745518146095
Standard Deviation,8.54,3,0.0002623524267599475,0.2981198076082209
Standard Deviation,8.55,24,0.00209881941407958,0.30021862702230045
Standard Deviation,8.56,8,0.0006996064713598601,0.3009182334936603
Standard Deviation,8.57,26,0.0022737210319195454,0.30319195452557984
Standard Deviation,8.59,27,0.002361171840839528,0.30555312636641935
Standard Deviation,8.6,12,0.00104940970703979,0.30660253607345916
Standard Deviation,8.61,11,0.0009619588981198076,0.30756449497157895
Standard Deviation,8.62,18,0.0015741145605596852,0.3091386095321386
Standard Deviation,8.63,11,0.0009619588981198076,0.3101005684302584
Standard Deviation,8.64,11,0.0009619588981198076,0.3110625273283782
Standard Deviation,8.65,10,0.0008745080891998251,0.311937035417578
Standard Deviation,8.66,45,0.003935286401399213,0.31587232181897723
Standard Deviation,8.67,5,0.00043725404459991256,0.31630957586357716
Standard Deviation,8.68,3,0.0002623524267599475,0.3165719282903371
Standard Deviation,8.69,25,0.0021862702229995625,0.31875819851333664
Standard Deviation,8.7,20,0.0017490161783996502,0.3205072146917363
Standard Deviation,8.71,9,0.0007870572802798426,0.32129427197201615
Standard Deviation,8.72,7,0.0006121556624398776,0.32190642763445604
Standard Deviation,8.73,25,0.0021862702229995625,0.3240926978574556
Standard Deviation,8.74,7,0.0006121556624398776,0.3247048535198955
Standard Deviation,8.75,21,0.0018364669873196327,0.3265413205072151
Standard Deviation,8.76,4,0.00034980323567993004,0.3268911237428951
Standard Deviation,8.77,7,0.0006121556624398776,0.32750327940533497
Standard Deviation,8.78,12,0.00104940970703979,0.3285526891123748
Standard Deviation,8.79,11,0.0009619588981198076,0.32951464801049457
Standard Deviation,8.8,29,0.0025360734586794926,0.3320507214691741
Standard Deviation,8.81,3,0.0002623524267599475,0.332313073895934
Standard Deviation,8.82,27,0.002361171840839528,0.3346742457367735
Standard Deviation,8.83,7,0.0006121556624398776,0.3352864013992134
Standard Deviation,8.84,27,0.002361171840839528,0.3376475732400529
Standard Deviation,8.85,5,0.00043725404459991256,0.33808482728465283
Standard Deviation,8.86,10,0.0008745080891998251,0.33895933537385264
Standard Deviation,8.87,15,0.0013117621337997377,0.3402710975076524
Standard Deviation,8.88,12,0.00104940970703979,0.3413205072146922
Standard Deviation,8.89,21,0.0018364669873196327,0.34315697420201186
Standard Deviation,8.9,3,0.0002623524267599475,0.3434193266287718
Standard Deviation,8.91,24,0.00209881941407958,0.34551814604285136
Standard Deviation,8.92,4,0.00034980323567993004,0.3458679492785313
Standard Deviation,8.93,23,0.0020113686051595977,0.3478793178836909
Standard Deviation,8.94,14,0.001224311324879755,0.3491036292085707
Standard Deviation,8.95,1,8.745080891998251e-05,0.34919108001749066
Standard Deviation,8.96,15,0.0013117621337997377,0.3505028421512904
Standard Deviation,8.97,5,0.00043725404459991256,0.35094009619589034
Standard Deviation,8.98,20,0.0017490161783996502,0.35268911237429
Standard Deviation,8.99,6,0.000524704853519895,0.3532138172278099
Standard Deviation,9.0,30,0.0026235242675994755,0.3558373414954094
Standard Deviation,9.01,14,0.001224311324879755,0.3570616528202892
Standard Deviation,9.02,25,0.0021862702229995625,0.35924792304328873
Standard Deviation,9.04,8,0.0006996064713598601,0.3599475295146486
Standard Deviation,9.05,9,0.0007870572802798426,0.3607345867949284
Standard Deviation,9.06,40,0.0034980323567993005,0.3642326191517277
Standard Deviation,9.07,15,0.0013117621337997377,0.36554438128552746
Standard Deviation,9.08,7,0.0006121556624398776,0.36615653694796735
Standard Deviation,9.09,32,0.0027984258854394403,0.3689549628334068
Standard Deviation,9.1,7,0.0006121556624398776,0.36956711849584667
Standard Deviation,9.11,27,0.002361171840839528,0.3719282903366862
Standard Deviation,9.12,5,0.00043725404459991256,0.3723655443812861
Standard Deviation,9.13,36,0.0031482291211193704,0.3755137735024055
Standard Deviation,9.14,11,0.0009619588981198076,0.3764757324005253
Standard Deviation,9.15,6,0.000524704853519895,0.3770004372540452
Standard Deviation,9.16,15,0.0013117621337997377,0.37831219938784494
Standard Deviation,9.17,17,0.0014866637516397026,0.37979886313948463
Standard Deviation,9.18,8,0.0006996064713598601,0.3804984696108445
Standard Deviation,9.19,4,0.00034980323567993004,0.38084827284652445
Standard Deviation,9.2,26,0.0022737210319195454,0.383121993878444
Standard Deviation,9.21,9,0.0007870572802798426,0.3839090511587238
Standard Deviation,9.22,22,0.0019239177962396153,0.38583296895496344
Standard Deviation,9.23,10,0.0008745080891998251,0.38670747704416325
Standard Deviation,9.24,18,0.0015741145605596852,0.3882815916047229
Standard Deviation,9.25,3,0.0002623524267599475,0.38854394403148285
Standard Deviation,9.26,27,0.002361171840839528,0.39090511587232235
Standard Deviation,9.27,14,0.001224311324879755,0.3921294271972021
Standard Deviation,9.28,13,0.0011368605159597727,0.3932662877131619
Standard Deviation,9.29,4,0.00034980323567993004,0.39361609094884187
Standard Deviation,9.3,10,0.0008745080891998251,0.3944905990380417
Standard Deviation,9.31,18,0.0015741145605596852,0.39606471359860135
Standard Deviation,9.32,12,0.00104940970703979,0.39711412330564116
Standard Deviation,9.33,23,0.0020113686051595977,0.39912549191080077
Standard Deviation,9.34,4,0.00034980323567993004,0.3994752951464807
Standard Deviation,9.35,24,0.00209881941407958,0.4015741145605603
Standard Deviation,9.36,3,0.0002623524267599475,0.40183646698732023
Standard Deviation,9.37,39,0.003410581547879318,0.40524704853519955
Standard Deviation,9.38,8,0.0006996064713598601,0.4059466550065594
Standard Deviation,9.39,32,0.0027984258854394403,0.40874508089199885
Standard Deviation,9.4,9,0.0007870572802798426,0.4095321381722787
Standard Deviation,9.41,33,0.0028858766943594227,0.4124180148666381
Standard Deviation,9.42,4,0.00034980323567993004,0.41276781810231805
Standard Deviation,9.43,6,0.000524704853519895,0.41329252295583796
Standard Deviation,9.44,21,0.0018364669873196327,0.4151289899431576
Standard Deviation,9.45,26,0.0022737210319195454,0.41740271097507714
Standard Deviation,9.46,8,0.0006996064713598601,0.418102317446437
Standard Deviation,9.47,10,0.0008745080891998251,0.4189768255356368
Standard Deviation,9.48,20,0.0017490161783996502,0.4207258417140365
Standard Deviation,9.49,5,0.00043725404459991256,0.4211630957586364
Standard Deviation,9.5,28,0.00244862264975951,0.42361171840839595
Standard Deviation,9.51,3,0.0002623524267599475,0.4238740708351559
Standard Deviation,9.52,29,0.0025360734586794926,0.4264101442938354
Standard Deviation,9.53,6,0.000524704853519895,0.4269348491473553
Standard Deviation,9.54,15,0.0013117621337997377,0.42824661128115504
Standard Deviation,9.55,4,0.00034980323567993004,0.428596414516835
Standard Deviation,9.56,27,0.002361171840839528,0.4309575863576745
Standard Deviation,9.57,7,0.0006121556624398776,0.4315697420201144
Standard Deviation,9.58,25,0.0021862702229995625,0.43375601224311394
Standard Deviation,9.59,8,0.0006996064713598601,0.4344556187144738
Standard Deviation,9.6,23,0.0020113686051595977,0.4364669873196334
Standard Deviation,9.61,3,0.0002623524267599475,0.43672933974639333
Standard Deviation,9.62,23,0.0020113686051595977,0.43874070835155293
Standard Deviation,9.63,5,0.00043725404459991256,0.43917796239615287
Standard Deviation,9.64,6,0.000524704853519895,0.4397026672496728
Standard Deviation,9.65,34,0.002973327503279405,0.44267599475295216
Standard Deviation,9.66,15,0.0013117621337997377,0.4439877568867519
Standard Deviation,9.67,19,0.0016615653694796676,0.44564932225623155
Standard Deviation,9.68,10,0.0008745080891998251,0.44652383034543136
Standard Deviation,9.69,12,0.00104940970703979,0.4475732400524712
Standard Deviation,9.7,36,0.0031482291211193704,0.45072146917359057
Standard Deviation,9.71,12,0.00104940970703979,0.4517708788806304
Standard Deviation,9.72,9,0.0007870572802798426,0.4525579361609102
Standard Deviation,9.73,12,0.00104940970703979,0.45360734586795004
Standard Deviation,9.74,39,0.003410581547879318,0.45701792741582936
Standard Deviation,9.75,6,0.000524704853519895,0.45754263226934927
Standard Deviation,9.76,3,0.0002623524267599475,0.4578049846961092
Standard Deviation,9.77,39,0.003410581547879318,0.4612155662439885
Standard Deviation,9.78,8,0.0006996064713598601,0.4619151727153484
Standard Deviation,9.79,27,0.002361171840839528,0.4642763445561879
Standard Deviation,9.8,6,0.000524704853519895,0.4648010494097078
Standard Deviation,9.81,17,0.0014866637516397026,0.4662877131613475
Standard Deviation,9.82,11,0.0009619588981198076,0.46724967205946727
Standard Deviation,9.83,39,0.003410581547879318,0.4706602536073466
Standard Deviation,9.84,4,0.00034980323567993004,0.47101005684302655
Standard Deviation,9.85,36,0.0031482291211193704,0.47415828596414594
Standard Deviation,9.86,14,0.001224311324879755,0.4753825972890257
Standard Deviation,9.87,25,0.0021862702229995625,0.47756886751202526
Standard Deviation,9.88,5,0.00043725404459991256,0.4780061215566252
Standard Deviation,9.89,23,0.0020113686051595977,0.4800174901617848
Standard Deviation,9.9,4,0.00034980323567993004,0.48036729339746476
Standard Deviation,9.91,34,0.002973327503279405,0.48334062090074414
Standard Deviation,9.93,23,0.0020113686051595977,0.5166593790992573
Standard Deviation,9.94,9,0.0007870572802798426,0.5146480104940977
Standard Deviation,9.95,18,0.0015741145605596852,0.5138609532138179
Standard Deviation,9.96,7,0.0006121556624398776,0.5122868386532582
Standard Deviation,9.97,25,0.0021862702229995625,0.5116746829908183
Standard Deviation,9.98,3,0.0002623524267599475,0.5094884127678188
Standard Deviation,9.99,22,0.0019239177962396153,0.5092260603410588
Standard Deviation,10.0,3,0.0002623524267599475,0.5073021425448192
Standard Deviation,10.01,41,0.003585483165719283,0.5070397901180592
Standard Deviation,10.02,10,0.0008745080891998251,0.50345430695234
Standard Deviation,10.03,18,0.0015741145605596852,0.5025797988631401
Standard Deviation,10.04,5,0.00043725404459991256,0.5010056843025804
Standard Deviation,10.05,22,0.0019239177962396153,0.5005684302579805
Standard Deviation,10.06,15,0.0013117621337997377,0.49864451246174085
Standard Deviation,10.07,38,0.0033231307389593352,0.4973327503279411
Standard Deviation,10.08,2,0.00017490161783996502,0.49400961958898176
Standard Deviation,10.09,29,0.0025360734586794926,0.4938347179711418
Standard Deviation,10.1,5,0.00043725404459991256,0.4912986445124623
Standard Deviation,10.11,20,0.0017490161783996502,0.49086139046786237
Standard Deviation,10.12,2,0.00017490161783996502,0.4891123742894627
Standard Deviation,10.13,28,0.00244862264975951,0.48893747267162274
Standard Deviation,10.14,10,0.0008745080891998251,0.4864888500218632
Standard Deviation,10.15,24,0.00209881941407958,0.4856143419326634
Standard Deviation,10.16,6,0.000524704853519895,0.4835155225185838
Standard Deviation,10.17,31,0.002710975076519458,0.4829908176650639
Standard Deviation,10.18,3,0.0002623524267599475,0.48027984258854445
Standard Deviation,10.19,34,0.002973327503279405,0.4800174901617845
Standard Deviation,10.2,5,0.00043725404459991256,0.47704416265850513
Standard Deviation,10.21,36,0.0031482291211193704,0.4766069086139052
Standard Deviation,10.22,5,0.00043725404459991256,0.4734586794927858
Standard Deviation,10.23,27,0.002361171840839528,0.4730214254481859
Standard Deviation,10.24,24,0.00209881941407958,0.47066025360734637
Standard Deviation,10.25,11,0.0009619588981198076,0.4685614341932668
Standard Deviation,10.26,34,0.002973327503279405,0.467599475295147
Standard Deviation,10.27,9,0.0007870572802798426,0.4646261477918676
Standard Deviation,10.28,12,0.00104940970703979,0.4638390905115878
Standard Deviation,10.29,10,0.0008745080891998251,0.46278968080454796
Standard Deviation,10.3,35,0.003060778312199388,0.46191517271534815
Standard Deviation,10.31,6,0.000524704853519895,0.4588543944031488
Standard Deviation,10.32,9,0.0007870572802798426,0.4583296895496289
Standard Deviation,10.33,23,0.0020113686051595977,0.45754263226934905
Standard Deviation,10.34,15,0.0013117621337997377,0.45553126366418945
Standard Deviation,10.35,14,0.001224311324879755,0.4542195015303897
Standard Deviation,10.36,17,0.0014866637516397026,0.45299519020550993
Standard Deviation,10.37,22,0.0019239177962396153,0.45150852645387024
Standard Deviation,10.38,25,0.0021862702229995625,0.4495846086576306
Standard Deviation,10.39,1,8.745080891998251e-05,0.44739833843463106
Standard Deviation,10.4,22,0.0019239177962396153,0.4473108876257111
Standard Deviation,10.41,6,0.000524704853519895,0.44538696982947146
Standard Deviation,10.42,29,0.0025360734586794926,0.44486226497595155
Standard Deviation,10.43,8,0.0006996064713598601,0.44232619151727204
Standard Deviation,10.44,26,0.0022737210319195454,0.4416265850459122
Standard Deviation,10.45,5,0.00043725404459991256,0.43935286401399265
Standard Deviation,10.46,17,0.0014866637516397026,0.4389156099693927
Standard Deviation,10.47,3,0.0002623524267599475,0.437428946217753
Standard Deviation,10.48,33,0.0028858766943594227,0.4371665937909931
Standard Deviation,10.49,10,0.0008745080891998251,0.4342807170966337
Standard Deviation,10.5,26,0.0022737210319195454,0.4334062090074339
Standard Deviation,10.51,12,0.00104940970703979,0.43113248797551434
Standard Deviation,10.52,8,0.0006996064713598601,0.43008307826847453
Standard Deviation,10.53,48,0.00419763882815916,0.42938347179711467
Standard Deviation,10.54,18,0.0015741145605596852,0.4251858329689555
Standard Deviation,10.55,8,0.0006996064713598601,0.42361171840839584
Standard Deviation,10.56,18,0.0015741145605596852,0.422912111937036
Standard Deviation,10.57,22,0.0019239177962396153,0.4213379973764763
Standard Deviation,10.58,9,0.0007870572802798426,0.4194140795802367
Standard Deviation,10.59,25,0.0021862702229995625,0.41862702229995685
Standard Deviation,10.6,5,0.00043725404459991256,0.4164407520769573
Standard Deviation,10.61,25,0.0021862702229995625,0.41600349803235737
Standard Deviation,10.62,1,8.745080891998251e-05,0.4138172278093578
Standard Deviation,10.63,26,0.0022737210319195454,0.41372977700043784
Standard Deviation,10.64,7,0.0006121556624398776,0.4114560559685183
Standard Deviation,10.65,22,0.0019239177962396153,0.4108439003060784
Standard Deviation,10.66,6,0.000524704853519895,0.4089199825098388
Standard Deviation,10.67,25,0.0021862702229995625,0.4083952776563189
Standard Deviation,10.68,16,0.0013992129427197202,0.40620900743331934
Standard Deviation,10.69,4,0.00034980323567993004,0.4048097944905996
Standard Deviation,10.7,18,0.0015741145605596852,0.40445999125491966
Standard Deviation,10.71,35,0.003060778312199388,0.40288587669436
Standard Deviation,10.72,14,0.001224311324879755,0.3998250983821606
Standard Deviation,10.73,12,0.00104940970703979,0.39860078705728086
Standard Deviation,10.74,10,0.0008745080891998251,0.39755137735024104
Standard Deviation,10.75,5,0.00043725404459991256,0.39667686926104123
Standard Deviation,10.76,26,0.0022737210319195454,0.3962396152164413
Standard Deviation,10.77,4,0.00034980323567993004,0.39396589418452177
Standard Deviation,10.78,23,0.0020113686051595977,0.3936160909488418
Standard Deviation,10.79,4,0.00034980323567993004,0.3916047223436822
Standard Deviation,10.8,30,0.0026235242675994755,0.39125491910800225
Standard Deviation,10.81,14,0.001224311324879755,0.38863139484040277
Standard Deviation,10.82,15,0.0013117621337997377,0.387407083515523
Standard Deviation,10.83,31,0.002710975076519458,0.38609532138172326
Standard Deviation,10.84,17,0.0014866637516397026,0.3833843463052038
Standard Deviation,10.85,8,0.0006996064713598601,0.3818976825535641
Standard Deviation,10.86,21,0.0018364669873196327,0.38119807608220424
Standard Deviation,10.87,25,0.0021862702229995625,0.3793616090948846
Standard Deviation,10.88,2,0.00017490161783996502,0.37717533887188504
Standard Deviation,10.89,22,0.0019239177962396153,0.3770004372540451
Standard Deviation,10.9,2,0.00017490161783996502,0.37507651945780546
Standard Deviation,10.91,26,0.0022737210319195454,0.3749016178399655
Standard Deviation,10.92,4,0.00034980323567993004,0.372627896808046
Standard Deviation,10.93,32,0.0027984258854394403,0.372278093572366
Standard Deviation,10.94,9,0.0007870572802798426,0.3694796676869266
Standard Deviation,10.95,13,0.0011368605159597727,0.36869261040664675
Standard Deviation,10.96,4,0.00034980323567993004,0.36755574989068696
Standard Deviation,10.97,15,0.0013117621337997377,0.367205946655007
Standard Deviation,10.98,44,0.0038478355924792306,0.36589418452120726
Standard Deviation,10.99,7,0.0006121556624398776,0.362046348928728
Standard Deviation,11.0,16,0.0013992129427197202,0.3614341932662881
Standard Deviation,11.01,11,0.0009619588981198076,0.3600349803235684
Standard Deviation,11.02,18,0.0015741145605596852,0.3590730214254486
Standard Deviation,11.03,10,0.0008745080891998251,0.35749890686488894
Standard Deviation,11.04,20,0.0017490161783996502,0.35662439877568913
Standard Deviation,11.05,26,0.0022737210319195454,0.35487538259728946
Standard Deviation,11.06,15,0.0013117621337997377,0.35260166156536993
Standard Deviation,11.07,20,0.0017490161783996502,0.3512898994315702
Standard Deviation,11.08,6,0.000524704853519895,0.3495408832531705
Standard Deviation,11.09,24,0.00209881941407958,0.3490161783996506
Standard Deviation,11.1,3,0.0002623524267599475,0.346917358985571
Standard Deviation,11.11,12,0.00104940970703979,0.3466550065588111
Standard Deviation,11.12,13,0.0011368605159597727,0.3456055968517713
Standard Deviation,11.13,10,0.0008745080891998251,0.3444687363358115
Standard Deviation,11.14,23,0.0020113686051595977,0.3435942282466117
Standard Deviation,11.15,28,0.00244862264975951,0.3415828596414521
Standard Deviation,11.16,25,0.0021862702229995625,0.33913423699169254
Standard Deviation,11.17,4,0.00034980323567993004,0.336947966768693
Standard Deviation,11.18,17,0.0014866637516397026,0.33659816353301303
Standard Deviation,11.19,13,0.0011368605159597727,0.33511149978137333
Standard Deviation,11.2,29,0.0025360734586794926,0.33397463926541354
Standard Deviation,11.21,16,0.0013992129427197202,0.33143856580673403
Standard Deviation,11.22,22,0.0019239177962396153,0.3300393528640143
Standard Deviation,11.23,17,0.0014866637516397026,0.3281154350677747
Standard Deviation,11.24,4,0.00034980323567993004,0.326628771316135
Standard Deviation,11.25,25,0.0021862702229995625,0.32627896808045503
Standard Deviation,11.26,15,0.0013117621337997377,0.3240926978574555
Standard Deviation,11.27,36,0.0031482291211193704,0.32278093572365574
Standard Deviation,11.28,5,0.00043725404459991256,0.31963270660253634
Standard Deviation,11.29,19,0.0016615653694796676,0.3191954525579364
Standard Deviation,11.3,26,0.0022737210319195454,0.31753388718845676
Standard Deviation,11.31,10,0.0008745080891998251,0.31526016615653724
Standard Deviation,11.32,19,0.0016615653694796676,0.3143856580673374
Standard Deviation,11.33,1,8.745080891998251e-05,0.3127240926978578
Standard Deviation,11.34,19,0.0016615653694796676,0.3126366418889378
Standard Deviation,11.35,3,0.0002623524267599475,0.31097507651945816
Standard Deviation,11.36,29,0.0025360734586794926,0.31071272409269823
Standard Deviation,11.37,21,0.0018364669873196327,0.3081766506340187
Standard Deviation,11.38,18,0.0015741145605596852,0.30634018364669907
Standard Deviation,11.39,12,0.00104940970703979,0.3047660690861394
Standard Deviation,11.4,11,0.0009619588981198076,0.3037166593790996
Standard Deviation,11.41,33,0.0028858766943594227,0.3027547004809798
Standard Deviation,11.42,2,0.00017490161783996502,0.2998688237866204
Standard Deviation,11.43,27,0.002361171840839528,0.29969392216878044
Standard Deviation,11.44,32,0.0027984258854394403,0.29733275032794093
Standard Deviation,11.45,4,0.00034980323567993004,0.2945343244425015
Standard Deviation,11.46,17,0.0014866637516397026,0.29418452120682154
Standard Deviation,11.47,9,0.0007870572802798426,0.29269785745518184
Standard Deviation,11.48,13,0.0011368605159597727,0.291910800174902
Standard Deviation,11.49,5,0.00043725404459991256,0.2907739396589422
Standard Deviation,11.5,13,0.0011368605159597727,0.2903366856143423
Standard Deviation,11.51,18,0.0015741145605596852,0.2891998250983825
Standard Deviation,11.52,11,0.0009619588981198076,0.2876257105378228
Standard Deviation,11.53,33,0.0028858766943594227,0.28666375163970303
Standard Deviation,11.54,7,0.0006121556624398776,0.2837778749453436
Standard Deviation,11.55,19,0.0016615653694796676,0.28316571928290374
Standard Deviation,11.56,1,8.745080891998251e-05,0.2815041539134241
Standard Deviation,11.57,23,0.0020113686051595977,0.2814167031045041
Standard Deviation,11.58,21,0.0018364669873196327,0.2794053344993445
Standard Deviation,11.59,10,0.0008745080891998251,0.27756886751202486
Standard Deviation,11.6,19,0.0016615653694796676,0.27669435942282505
Standard Deviation,11.61,13,0.0011368605159597727,0.2750327940533454
Standard Deviation,11.62,15,0.0013117621337997377,0.2738959335373856
Standard Deviation,11.63,8,0.0006996064713598601,0.2725841714035859
Standard Deviation,11.64,19,0.0016615653694796676,0.271884564932226
Standard Deviation,11.65,14,0.001224311324879755,0.27022299956274637
Standard Deviation,11.66,8,0.0006996064713598601,0.2689986882378666
Standard Deviation,11.67,18,0.0015741145605596852,0.26829908176650674
Standard Deviation,11.68,4,0.00034980323567993004,0.26672496720594707
Standard Deviation,11.69,30,0.0026235242675994755,0.2663751639702671
Standard Deviation,11.7,7,0.0006121556624398776,0.26375163970266763
Standard Deviation,11.71,14,0.001224311324879755,0.26313948404022774
Standard Deviation,11.72,22,0.0019239177962396153,0.261915172715348
Standard Deviation,11.73,3,0.0002623524267599475,0.25999125491910835
Standard Deviation,11.74,25,0.0021862702229995625,0.2597289024923484
Standard Deviation,11.75,26,0.0022737210319195454,0.25754263226934887
Standard Deviation,11.76,6,0.000524704853519895,0.25526891123742934
Standard Deviation,11.77,26,0.0022737210319195454,0.25474420638390943
Standard Deviation,11.78,10,0.0008745080891998251,0.2524704853519899
Standard Deviation,11.79,18,0.0015741145605596852,0.2515959772627901
Standard Deviation,11.8,5,0.00043725404459991256,0.2500218627022304
Standard Deviation,11.81,12,0.00104940970703979,0.2495846086576305
Standard Deviation,11.82,24,0.00209881941407958,0.2485351989505907
Standard Deviation,11.83,15,0.0013117621337997377,0.24643637953651112
Standard Deviation,11.84,18,0.0015741145605596852,0.24512461740271138
Standard Deviation,11.85,4,0.00034980323567993004,0.24355050284215168
Standard Deviation,11.86,18,0.0015741145605596852,0.24320069960647175
Standard Deviation,11.87,6,0.000524704853519895,0.24162658504591206
Standard Deviation,11.88,23,0.0020113686051595977,0.24110188019239215
Standard Deviation,11.89,20,0.0017490161783996502,0.23909051158723255
Standard Deviation,11.91,23,0.0020113686051595977,0.2373414954088329
Standard Deviation,11.92,27,0.002361171840839528,0.2353301268036733
Standard Deviation,11.93,10,0.0008745080891998251,0.23296895496283376
Standard Deviation,11.94,19,0.0016615653694796676,0.23209444687363393
Standard Deviation,11.95,7,0.0006121556624398776,0.23043288150415425
Standard Deviation,11.96,20,0.0017490161783996502,0.22982072584171437
Standard Deviation,11.97,14,0.001224311324879755,0.22807170966331472
Standard Deviation,11.98,21,0.0018364669873196327,0.22684739833843495
Standard Deviation,11.99,21,0.0018364669873196327,0.22501093135111533
Standard Deviation,12.0,2,0.00017490161783996502,0.2231744643637957
Standard Deviation,12.01,14,0.001224311324879755,0.22299956274595573
Standard Deviation,12.02,13,0.0011368605159597727,0.22177525142107596
Standard Deviation,12.03,8,0.0006996064713598601,0.2206383909051162
Standard Deviation,12.04,17,0.0014866637516397026,0.21993878443375633
Standard Deviation,12.05,4,0.00034980323567993004,0.21845212068211664
Standard Deviation,12.06,20,0.0017490161783996502,0.2181023174464367
Standard Deviation,12.07,11,0.0009619588981198076,0.21635330126803706
Standard Deviation,12.08,16,0.0013992129427197202,0.21539134236991725
Standard Deviation,12.09,13,0.0011368605159597727,0.21399212942719753
Standard Deviation,12.1,1,8.745080891998251e-05,0.21285526891123777
Standard Deviation,12.11,19,0.0016615653694796676,0.2127678181023178
Standard Deviation,12.12,24,0.00209881941407958,0.21110625273283812
Standard Deviation,12.13,19,0.0016615653694796676,0.20900743331875854
Standard Deviation,12.14,24,0.00209881941407958,0.20734586794927887
Standard Deviation,12.15,8,0.0006996064713598601,0.2052470485351993
Standard Deviation,12.16,20,0.0017490161783996502,0.20454744206383943
Standard Deviation,12.17,13,0.0011368605159597727,0.20279842588543978
Standard Deviation,12.18,17,0.0014866637516397026,0.20166156536948002
Standard Deviation,12.19,15,0.0013117621337997377,0.20017490161784032
Standard Deviation,12.2,9,0.0007870572802798426,0.19886313948404058
Standard Deviation,12.21,20,0.0017490161783996502,0.19807608220376074
Standard Deviation,12.22,19,0.0016615653694796676,0.1963270660253611
Standard Deviation,12.24,30,0.0026235242675994755,0.19466550065588142
Standard Deviation,12.25,17,0.0014866637516397026,0.19204197638828194
Standard Deviation,12.26,5,0.00043725404459991256,0.19055531263664224
Standard Deviation,12.27,19,0.0016615653694796676,0.19011805859204234
Standard Deviation,12.28,9,0.0007870572802798426,0.18845649322256267
Standard Deviation,12.29,24,0.00209881941407958,0.18766943594228283
Standard Deviation,12.3,10,0.0008745080891998251,0.18557061652820325
Standard Deviation,12.31,18,0.0015741145605596852,0.18469610843900341
Standard Deviation,12.32,20,0.0017490161783996502,0.18312199387844372
Standard Deviation,12.33,4,0.00034980323567993004,0.18137297770004407
Standard Deviation,12.34,15,0.0013117621337997377,0.18102317446436414
Standard Deviation,12.35,20,0.0017490161783996502,0.1797114123305644
Standard Deviation,12.36,2,0.00017490161783996502,0.17796239615216475
Standard Deviation,12.37,22,0.0019239177962396153,0.17778749453432477
Standard Deviation,12.38,20,0.0017490161783996502,0.17586357673808514
Standard Deviation,12.39,8,0.0006996064713598601,0.1741145605596855
Standard Deviation,12.4,18,0.0015741145605596852,0.17341495408832563
Standard Deviation,12.41,7,0.0006121556624398776,0.17184083952776594
Standard Deviation,12.42,21,0.0018364669873196327,0.17122868386532605
Standard Deviation,12.43,8,0.0006996064713598601,0.16939221687800643
Standard Deviation,12.44,18,0.0015741145605596852,0.16869261040664657
Standard Deviation,12.45,11,0.0009619588981198076,0.16711849584608687
Standard Deviation,12.46,17,0.0014866637516397026,0.16615653694796706
Standard Deviation,12.47,12,0.00104940970703979,0.16466987319632737
Standard Deviation,12.48,15,0.0013117621337997377,0.16362046348928758
Standard Deviation,12.49,3,0.0002623524267599475,0.16230870135548783
Standard Deviation,12.5,10,0.0008745080891998251,0.16204634892872788
Standard Deviation,12.51,22,0.0019239177962396153,0.16117184083952804
Standard Deviation,12.52,9,0.0007870572802798426,0.15924792304328841
Standard Deviation,12.53,19,0.0016615653694796676,0.15846086576300858
Standard Deviation,12.54,11,0.0009619588981198076,0.1567993003935289
Standard Deviation,12.55,4,0.00034980323567993004,0.1558373414954091
Standard Deviation,12.56,23,0.0020113686051595977,0.15548753825972916
Standard Deviation,12.57,8,0.0006996064713598601,0.15347616965456956
Standard Deviation,12.58,8,0.0006996064713598601,0.1527765631832097
Standard Deviation,12.59,11,0.0009619588981198076,0.15207695671184984
Standard Deviation,12.6,13,0.0011368605159597727,0.15111499781373003
Standard Deviation,12.61,19,0.0016615653694796676,0.14997813729777026
Standard Deviation,12.62,4,0.00034980323567993004,0.1483165719282906
Standard Deviation,12.63,15,0.0013117621337997377,0.14796676869261066
Standard Deviation,12.64,21,0.0018364669873196327,0.14665500655881092
Standard Deviation,12.65,2,0.00017490161783996502,0.1448185395714913
Standard Deviation,12.66,16,0.0013992129427197202,0.14464363795365132
Standard Deviation,12.67,12,0.00104940970703979,0.1432444250109316
Standard Deviation,12.68,1,8.745080891998251e-05,0.1421950153038918
Standard Deviation,12.69,12,0.00104940970703979,0.14210756449497183
Standard Deviation,12.7,18,0.0015741145605596852,0.14105815478793204
Standard Deviation,12.71,7,0.0006121556624398776,0.13948404022737235
Standard Deviation,12.72,6,0.000524704853519895,0.13887188456493246
Standard Deviation,12.73,18,0.0015741145605596852,0.13834717971141255
Standard Deviation,12.74,10,0.0008745080891998251,0.13677306515085286
Standard Deviation,12.75,21,0.0018364669873196327,0.13589855706165302
Standard Deviation,12.76,6,0.000524704853519895,0.1340620900743334
Standard Deviation,12.77,14,0.001224311324879755,0.1335373852208135
Standard Deviation,12.78,11,0.0009619588981198076,0.13231307389593372
Standard Deviation,12.79,4,0.00034980323567993004,0.1313511149978139
Standard Deviation,12.8,18,0.0015741145605596852,0.13100131176213398
Standard Deviation,12.81,11,0.0009619588981198076,0.12942719720157428
Standard Deviation,12.82,9,0.0007870572802798426,0.12846523830345447
Standard Deviation,12.83,10,0.0008745080891998251,0.12767818102317463
Standard Deviation,12.84,7,0.0006121556624398776,0.1268036729339748
Standard Deviation,12.85,15,0.0013117621337997377,0.1261915172715349
Standard Deviation,12.86,8,0.0006996064713598601,0.12487975513773518
Standard Deviation,12.87,8,0.0006996064713598601,0.12418014866637532
Standard Deviation,12.88,10,0.0008745080891998251,0.12348054219501546
Standard Deviation,12.89,14,0.001224311324879755,0.12260603410581564
Standard Deviation,12.9,2,0.00017490161783996502,0.12138172278093588
Standard Deviation,12.91,7,0.0006121556624398776,0.12120682116309592
Standard Deviation,12.92,15,0.0013117621337997377,0.12059466550065603
Standard Deviation,12.93,3,0.0002623524267599475,0.11928290336685629
Standard Deviation,12.94,7,0.0006121556624398776,0.11902055094009634
Standard Deviation,12.95,15,0.0013117621337997377,0.11840839527765645
Standard Deviation,12.96,10,0.0008745080891998251,0.11709663314385671
Standard Deviation,12.97,13,0.0011368605159597727,0.11622212505465689
Standard Deviation,12.98,14,0.001224311324879755,0.11508526453869711
Standard Deviation,12.99,9,0.0007870572802798426,0.11386095321381735
Standard Deviation,13.0,15,0.0013117621337997377,0.1130738959335375
Standard Deviation,13.01,13,0.0011368605159597727,0.11176213379973776
Standard Deviation,13.02,7,0.0006121556624398776,0.11062527328377798
Standard Deviation,13.03,20,0.0017490161783996502,0.1100131176213381
Standard Deviation,13.04,10,0.0008745080891998251,0.10826410144293845
Standard Deviation,13.05,9,0.0007870572802798426,0.10738959335373863
Standard Deviation,13.06,17,0.0014866637516397026,0.10660253607345878
Standard Deviation,13.07,7,0.0006121556624398776,0.10511587232181907
Standard Deviation,13.08,21,0.0018364669873196327,0.10450371665937919
Standard Deviation,13.09,16,0.0013992129427197202,0.10266724967205955
Standard Deviation,13.1,4,0.00034980323567993004,0.10126803672933983
Standard Deviation,13.11,25,0.0021862702229995625,0.1009182334936599
Standard Deviation,13.12,13,0.0011368605159597727,0.09873196327066033
Standard Deviation,13.13,3,0.0002623524267599475,0.09759510275470056
Standard Deviation,13.14,10,0.0008745080891998251,0.0973327503279406
Standard Deviation,13.15,7,0.0006121556624398776,0.09645824223874078
Standard Deviation,13.16,7,0.0006121556624398776,0.09584608657630089
Standard Deviation,13.17,14,0.001224311324879755,0.09523393091386101
Standard Deviation,13.18,22,0.0019239177962396153,0.09400961958898126
Standard Deviation,13.19,3,0.0002623524267599475,0.09208570179274164
Standard Deviation,13.2,9,0.0007870572802798426,0.09182334936598169
Standard Deviation,13.21,7,0.0006121556624398776,0.09103629208570184
Standard Deviation,13.22,9,0.0007870572802798426,0.09042413642326196
Standard Deviation,13.23,18,0.0015741145605596852,0.0896370791429821
Standard Deviation,13.24,9,0.0007870572802798426,0.08806296458242242
Standard Deviation,13.25,8,0.0006996064713598601,0.08727590730214257
Standard Deviation,13.26,10,0.0008745080891998251,0.08657630083078272
Standard Deviation,13.27,9,0.0007870572802798426,0.08570179274158289
Standard Deviation,13.28,11,0.0009619588981198076,0.08491473546130304
Standard Deviation,13.29,8,0.0006996064713598601,0.08395277656318323
Standard Deviation,13.3,11,0.0009619588981198076,0.08325317009182337
Standard Deviation,13.31,15,0.0013117621337997377,0.08229121119370356
Standard Deviation,13.32,6,0.000524704853519895,0.08097944905990381
Standard Deviation,13.33,6,0.000524704853519895,0.08045474420638392
Standard Deviation,13.34,7,0.0006121556624398776,0.07993003935286402
Standard Deviation,13.35,17,0.0014866637516397026,0.07931788369042414
Standard Deviation,13.36,4,0.00034980323567993004,0.07783121993878443
Standard Deviation,13.37,16,0.0013992129427197202,0.0774814167031045
Standard Deviation,13.38,13,0.0011368605159597727,0.07608220376038478
Standard Deviation,13.39,2,0.00017490161783996502,0.074945343244425
Standard Deviation,13.4,6,0.000524704853519895,0.07477044162658504
Standard Deviation,13.41,7,0.0006121556624398776,0.07424573677306515
Standard Deviation,13.42,5,0.00043725404459991256,0.07363358111062526
Standard Deviation,13.43,3,0.0002623524267599475,0.07319632706602534
Standard Deviation,13.44,7,0.0006121556624398776,0.07293397463926539
Standard Deviation,13.45,8,0.0006996064713598601,0.0723218189768255
Standard Deviation,13.46,13,0.0011368605159597727,0.07162221250546565
Standard Deviation,13.47,6,0.000524704853519895,0.07048535198950587
Standard Deviation,13.48,16,0.0013992129427197202,0.06996064713598597
Standard Deviation,13.49,4,0.00034980323567993004,0.06856143419326625
Standard Deviation,13.5,6,0.000524704853519895,0.06821163095758632
Standard Deviation,13.51,2,0.00017490161783996502,0.06768692610406643
Standard Deviation,13.52,3,0.0002623524267599475,0.06751202448622647
Standard Deviation,13.53,12,0.00104940970703979,0.06724967205946651
Standard Deviation,13.54,10,0.0008745080891998251,0.06620026235242672
Standard Deviation,13.55,1,8.745080891998251e-05,0.0653257542632269
Standard Deviation,13.56,11,0.0009619588981198076,0.06523830345430691
Standard Deviation,13.57,10,0.0008745080891998251,0.0642763445561871
Standard Deviation,13.58,1,8.745080891998251e-05,0.06340183646698727
Standard Deviation,13.59,6,0.000524704853519895,0.06331438565806728
Standard Deviation,13.6,5,0.00043725404459991256,0.06278968080454739
Standard Deviation,13.61,4,0.00034980323567993004,0.06235242675994747
Standard Deviation,13.62,4,0.00034980323567993004,0.06200262352426754
Standard Deviation,13.63,7,0.0006121556624398776,0.06165282028858761
Standard Deviation,13.64,6,0.000524704853519895,0.06104066462614773
Standard Deviation,13.65,3,0.0002623524267599475,0.06051595977262784
Standard Deviation,13.66,11,0.0009619588981198076,0.06025360734586789
Standard Deviation,13.67,13,0.0011368605159597727,0.059291648447748084
Standard Deviation,13.68,6,0.000524704853519895,0.05815478793178831
Standard Deviation,13.69,4,0.00034980323567993004,0.05763008307826842
Standard Deviation,13.7,11,0.0009619588981198076,0.05728027984258849
Standard Deviation,13.71,1,8.745080891998251e-05,0.05631832094446868
Standard Deviation,13.72,8,0.0006996064713598601,0.0562308701355487
Standard Deviation,13.73,6,0.000524704853519895,0.05553126366418884
Standard Deviation,13.74,1,8.745080891998251e-05,0.055006558810668946
Standard Deviation,13.75,5,0.00043725404459991256,0.05491910800174896
Standard Deviation,13.76,1,8.745080891998251e-05,0.05448185395714905
Standard Deviation,13.78,11,0.0009619588981198076,0.05439440314822907
Standard Deviation,13.79,7,0.0006121556624398776,0.05343244425010926
Standard Deviation,13.8,1,8.745080891998251e-05,0.052820288587669385
Standard Deviation,13.81,7,0.0006121556624398776,0.0527328377787494
Standard Deviation,13.82,7,0.0006121556624398776,0.052120682116309526
Standard Deviation,13.83,3,0.0002623524267599475,0.05150852645386965
Standard Deviation,13.84,9,0.0007870572802798426,0.0512461740271097
Standard Deviation,13.85,13,0.0011368605159597727,0.05045911674682986
Standard Deviation,13.86,4,0.00034980323567993004,0.04932225623087009
Standard Deviation,13.87,7,0.0006121556624398776,0.04897245299519016
Standard Deviation,13.88,3,0.0002623524267599475,0.04836029733275028
Standard Deviation,13.89,8,0.0006996064713598601,0.048097944905990335
Standard Deviation,13.9,4,0.00034980323567993004,0.047398338434630476
Standard Deviation,13.91,4,0.00034980323567993004,0.047048535198950546
Standard Deviation,13.92,4,0.00034980323567993004,0.046698731963270616
Standard Deviation,13.93,9,0.0007870572802798426,0.04634892872759069
Standard Deviation,13.94,5,0.00043725404459991256,0.045561871447310845
Standard Deviation,13.95,7,0.0006121556624398776,0.04512461740271093
Standard Deviation,13.96,10,0.0008745080891998251,0.044512461740271056
Standard Deviation,13.97,6,0.000524704853519895,0.04363795365107123
Standard Deviation,13.98,4,0.00034980323567993004,0.04311324879755134
Standard Deviation,13.99,6,0.000524704853519895,0.04276344556187141
Standard Deviation,14.01,9,0.0007870572802798426,0.04223874070835151
Standard Deviation,14.02,3,0.0002623524267599475,0.04145168342807167
Standard Deviation,14.03,3,0.0002623524267599475,0.041189331001311724
Standard Deviation,14.04,6,0.000524704853519895,0.04092697857455178
Standard Deviation,14.05,6,0.000524704853519895,0.04040227372103188
Standard Deviation,14.06,2,0.00017490161783996502,0.03987756886751199
Standard Deviation,14.07,13,0.0011368605159597727,0.03970266724967202
Standard Deviation,14.08,7,0.0006121556624398776,0.03856580673371225
Standard Deviation,14.09,3,0.0002623524267599475,0.037953651071272375
Standard Deviation,14.1,1,8.745080891998251e-05,0.03769129864451243
Standard Deviation,14.11,6,0.000524704853519895,0.037603847835592445
Standard Deviation,14.12,2,0.00017490161783996502,0.03707914298207255
Standard Deviation,14.13,5,0.00043725404459991256,0.036904241364232586
Standard Deviation,14.14,4,0.00034980323567993004,0.036466987319632674
Standard Deviation,14.15,4,0.00034980323567993004,0.036117184083952744
Standard Deviation,14.16,6,0.000524704853519895,0.035767380848272814
Standard Deviation,14.18,8,0.0006996064713598601,0.03524267599475292
Standard Deviation,14.19,3,0.0002623524267599475,0.03454306952339306
Standard Deviation,14.2,4,0.00034980323567993004,0.03428071709663311
Standard Deviation,14.21,2,0.00017490161783996502,0.033930913860953184
Standard Deviation,14.22,7,0.0006121556624398776,0.03375601224311322
Standard Deviation,14.23,2,0.00017490161783996502,0.03314385658067334
Standard Deviation,14.24,3,0.0002623524267599475,0.03296895496283338
Standard Deviation,14.25,3,0.0002623524267599475,0.03270660253607343
Standard Deviation,14.26,6,0.000524704853519895,0.03244425010931348
Standard Deviation,14.27,5,0.00043725404459991256,0.03191954525579359
Standard Deviation,14.28,3,0.0002623524267599475,0.031482291211193676
Standard Deviation,14.29,5,0.00043725404459991256,0.031219938784433725
Standard Deviation,14.3,4,0.00034980323567993004,0.030782684739833813
Standard Deviation,14.31,2,0.00017490161783996502,0.030432881504153884
Standard Deviation,14.32,5,0.00043725404459991256,0.03025797988631392
Standard Deviation,14.33,5,0.00043725404459991256,0.029820725841714007
Standard Deviation,14.34,3,0.0002623524267599475,0.029383471797114095
Standard Deviation,14.35,7,0.0006121556624398776,0.029121119370354148
Standard Deviation,14.36,5,0.00043725404459991256,0.02850896370791427
Standard Deviation,14.37,4,0.00034980323567993004,0.02807170966331436
Standard Deviation,14.38,1,8.745080891998251e-05,0.02772190642763443
Standard Deviation,14.39,7,0.0006121556624398776,0.027634455618714446
Standard Deviation,14.4,11,0.0009619588981198076,0.02702229995627457
Standard Deviation,14.41,2,0.00017490161783996502,0.026060341058154763
Standard Deviation,14.42,3,0.0002623524267599475,0.025885439440314798
Standard Deviation,14.43,7,0.0006121556624398776,0.02562308701355485
Standard Deviation,14.44,7,0.0006121556624398776,0.025010931351114974
Standard Deviation,14.46,5,0.00043725404459991256,0.024398775688675097
Standard Deviation,14.47,2,0.00017490161783996502,0.023961521644075185
Standard Deviation,14.48,2,0.00017490161783996502,0.02378662002623522
Standard Deviation,14.49,2,0.00017490161783996502,0.023611718408395255
Standard Deviation,14.5,1,8.745080891998251e-05,0.02343681679055529
Standard Deviation,14.51,4,0.00034980323567993004,0.023349365981635308
Standard Deviation,14.52,2,0.00017490161783996502,0.02299956274595538
Standard Deviation,14.54,4,0.00034980323567993004,0.022824661128115414
Standard Deviation,14.55,5,0.00043725404459991256,0.022474857892435484
Standard Deviation,14.56,3,0.0002623524267599475,0.022037603847835572
Standard Deviation,14.57,4,0.00034980323567993004,0.021775251421075625
Standard Deviation,14.58,4,0.00034980323567993004,0.021425448185395695
Standard Deviation,14.59,1,8.745080891998251e-05,0.021075644949715765
Standard Deviation,14.6,4,0.00034980323567993004,0.020988194140795783
Standard Deviation,14.61,3,0.0002623524267599475,0.020638390905115853
Standard Deviation,14.62,2,0.00017490161783996502,0.020376038478355906
Standard Deviation,14.63,2,0.00017490161783996502,0.02020113686051594
Standard Deviation,14.64,1,8.745080891998251e-05,0.020026235242675976
Standard Deviation,14.65,3,0.0002623524267599475,0.019938784433755994
Standard Deviation,14.66,8,0.0006996064713598601,0.019676432006996047
Standard Deviation,14.67,1,8.745080891998251e-05,0.018976825535636187
Standard Deviation,14.68,1,8.745080891998251e-05,0.018889374726716205
Standard Deviation,14.7,3,0.0002623524267599475,0.018801923917796223
Standard Deviation,14.72,4,0.00034980323567993004,0.018539571491036275
Standard Deviation,14.73,2,0.00017490161783996502,0.018189768255356346
Standard Deviation,14.74,2,0.00017490161783996502,0.01801486663751638
Standard Deviation,14.76,6,0.000524704853519895,0.017839965019676416
Standard Deviation,14.77,2,0.00017490161783996502,0.01731526016615652
Standard Deviation,14.78,2,0.00017490161783996502,0.017140358548316557
Standard Deviation,14.79,1,8.745080891998251e-05,0.016965456930476592
Standard Deviation,14.8,4,0.00034980323567993004,0.01687800612155661
Standard Deviation,14.81,5,0.00043725404459991256,0.01652820288587668
Standard Deviation,14.82,1,8.745080891998251e-05,0.016090948841276768
Standard Deviation,14.83,1,8.745080891998251e-05,0.016003498032356785
Standard Deviation,14.84,1,8.745080891998251e-05,0.015916047223436803
Standard Deviation,14.85,1,8.745080891998251e-05,0.01582859641451682
Standard Deviation,14.86,1,8.745080891998251e-05,0.015741145605596838
Standard Deviation,14.87,3,0.0002623524267599475,0.015653694796676856
Standard Deviation,14.88,1,8.745080891998251e-05,0.015391342369916908
Standard Deviation,14.89,5,0.00043725404459991256,0.015303891560996926
Standard Deviation,14.9,1,8.745080891998251e-05,0.014866637516397014
Standard Deviation,14.91,4,0.00034980323567993004,0.014779186707477032
Standard Deviation,14.92,2,0.00017490161783996502,0.014429383471797102
Standard Deviation,14.93,5,0.00043725404459991256,0.014254481853957137
Standard Deviation,14.95,3,0.0002623524267599475,0.013817227809357225
Standard Deviation,14.97,1,8.745080891998251e-05,0.013554875382597278
Standard Deviation,14.99,1,8.745080891998251e-05,0.013467424573677295
Standard Deviation,15.0,3,0.0002623524267599475,0.013379973764757313
Standard Deviation,15.01,2,0.00017490161783996502,0.013117621337997366
Standard Deviation,15.03,2,0.00017490161783996502,0.0129427197201574
Standard Deviation,15.04,3,0.0002623524267599475,0.012767818102317436
Standard Deviation,15.05,2,0.00017490161783996502,0.012505465675557489
Standard Deviation,15.06,1,8.745080891998251e-05,0.012330564057717524
Standard Deviation,15.07,3,0.0002623524267599475,0.012243113248797542
Standard Deviation,15.08,3,0.0002623524267599475,0.011980760822037594
Standard Deviation,15.09,4,0.00034980323567993004,0.011718408395277647
Standard Deviation,15.12,1,8.745080891998251e-05,0.011368605159597717
Standard Deviation,15.13,3,0.0002623524267599475,0.011281154350677735
Standard Deviation,15.14,5,0.00043725404459991256,0.011018801923917788
Standard Deviation,15.15,1,8.745080891998251e-05,0.010581547879317876
Standard Deviation,15.16,1,8.745080891998251e-05,0.010494097070397893
Standard Deviation,15.17,3,0.0002623524267599475,0.01040664626147791
Standard Deviation,15.19,1,8.745080891998251e-05,0.010144293834717964
Standard Deviation,15.2,4,0.00034980323567993004,0.010056843025797981
Standard Deviation,15.21,2,0.00017490161783996502,0.009707039790118051
Standard Deviation,15.22,2,0.00017490161783996502,0.009532138172278087
Standard Deviation,15.23,1,8.745080891998251e-05,0.009357236554438122
Standard Deviation,15.24,1,8.745080891998251e-05,0.00926978574551814
Standard Deviation,15.25,2,0.00017490161783996502,0.009182334936598157
Standard Deviation,15.27,2,0.00017490161783996502,0.009007433318758192
Standard Deviation,15.28,2,0.00017490161783996502,0.008832531700918227
Standard Deviation,15.29,2,0.00017490161783996502,0.008657630083078263
Standard Deviation,15.3,4,0.00034980323567993004,0.008482728465238298
Standard Deviation,15.31,1,8.745080891998251e-05,0.008132925229558368
Standard Deviation,15.32,2,0.00017490161783996502,0.008045474420638386
Standard Deviation,15.33,1,8.745080891998251e-05,0.00787057280279842
Standard Deviation,15.34,1,8.745080891998251e-05,0.0077831219938784375
Standard Deviation,15.35,1,8.745080891998251e-05,0.007695671184958455
Standard Deviation,15.36,3,0.0002623524267599475,0.007608220376038473
Standard Deviation,15.37,2,0.00017490161783996502,0.007345867949278525
Standard Deviation,15.38,2,0.00017490161783996502,0.007170966331438561
Standard Deviation,15.39,2,0.00017490161783996502,0.006996064713598596
Standard Deviation,15.4,1,8.745080891998251e-05,0.006821163095758631
Standard Deviation,15.41,2,0.00017490161783996502,0.0067337122868386485
Standard Deviation,15.42,2,0.00017490161783996502,0.006558810668998684
Standard Deviation,15.43,2,0.00017490161783996502,0.006383909051158719
Standard Deviation,15.44,1,8.745080891998251e-05,0.006209007433318754
Standard Deviation,15.45,2,0.00017490161783996502,0.006121556624398772
Standard Deviation,15.46,1,8.745080891998251e-05,0.005946655006558807
Standard Deviation,15.48,1,8.745080891998251e-05,0.005859204197638824
Standard Deviation,15.5,1,8.745080891998251e-05,0.005771753388718842
Standard Deviation,15.51,1,8.745080891998251e-05,0.0056843025797988595
Standard Deviation,15.53,1,8.745080891998251e-05,0.005596851770878877
Standard Deviation,15.54,1,8.745080891998251e-05,0.005509400961958895
Standard Deviation,15.55,1,8.745080891998251e-05,0.005421950153038912
Standard Deviation,15.56,2,0.00017490161783996502,0.00533449934411893
Standard Deviation,15.58,2,0.00017490161783996502,0.005159597726278965
Standard Deviation,15.6,2,0.00017490161783996502,0.004984696108439
Standard Deviation,15.61,4,0.00034980323567993004,0.004809794490599035
Standard Deviation,15.63,1,8.745080891998251e-05,0.004459991254919106
Standard Deviation,15.64,2,0.00017490161783996502,0.004372540445999123
Standard Deviation,15.65,1,8.745080891998251e-05,0.0041976388281591585
Standard Deviation,15.66,1,8.745080891998251e-05,0.004110188019239176
Standard Deviation,15.68,3,0.0002623524267599475,0.004022737210319194
Standard Deviation,15.69,1,8.745080891998251e-05,0.003760384783559246
Standard Deviation,15.7,1,8.745080891998251e-05,0.0036729339746392636
Standard Deviation,15.71,1,8.745080891998251e-05,0.003585483165719281
Standard Deviation,15.74,1,8.745080891998251e-05,0.0034980323567992988
Standard Deviation,15.77,1,8.745080891998251e-05,0.0034105815478793163
Standard Deviation,15.78,4,0.00034980323567993004,0.003323130738959334
Standard Deviation,15.79,1,8.745080891998251e-05,0.002973327503279404
Standard Deviation,15.82,2,0.00017490161783996502,0.0028858766943594214
Standard Deviation,15.84,1,8.745080891998251e-05,0.0027109750765194566
Standard Deviation,15.89,1,8.745080891998251e-05,0.002623524267599474
Standard Deviation,15.9,1,8.745080891998251e-05,0.0025360734586794918
Standard Deviation,15.91,1,8.745080891998251e-05,0.0024486226497595093
Standard Deviation,15.93,1,8.745080891998251e-05,0.002361171840839527
Standard Deviation,15.94,1,8.745080891998251e-05,0.0022737210319195445
Standard Deviation,16.0,1,8.745080891998251e-05,0.002186270222999562
Standard Deviation,16.04,1,8.745080891998251e-05,0.0020988194140795797
Standard Deviation,16.07,1,8.745080891998251e-05,0.0020113686051595973
Standard Deviation,16.08,1,8.745080891998251e-05,0.0019239177962396149
Standard Deviation,16.13,1,8.745080891998251e-05,0.0018364669873196324
Standard Deviation,16.14,2,0.00017490161783996502,0.00174901617839965
Standard Deviation,16.19,3,0.0002623524267599475,0.001574114560559685
Standard Deviation,16.23,1,8.745080891998251e-05,0.0013117621337997375
Standard Deviation,16.28,2,0.00017490161783996502,0.001224311324879755
Standard Deviation,16.31,1,8.745080891998251e-05,0.00104940970703979
Standard Deviation,16.43,1,8.745080891998251e-05,0.0009619588981198076
Standard Deviation,16.46,1,8.745080891998251e-05,0.0008745080891998251
Standard Deviation,16.52,1,8.745080891998251e-05,0.0007870572802798426
Standard Deviation,16.61,2,0.00017490161783996502,0.0006996064713598601
Standard Deviation,16.65,1,8.745080891998251e-05,0.000524704853519895
Standard Deviation,16.68,1,8.745080891998251e-05,0.00043725404459991256
Standard Deviation,16.72,1,8.745080891998251e-05,0.00034980323567993004
Standard Deviation,16.89,1,8.745080891998251e-05,0.0002623524267599475
Standard Deviation,17.28,1,8.745080891998251e-05,0.00017490161783996502
Standard Deviation,17.47,1,8.745080891998251e-05,8.745080891998251e-05
Sum,25.0,1,8.745080891998251e-05,8.745080891998251e-05
Sum,26.0,2,0.00017490161783996502,0.0002623524267599475
Sum,27.0,1,8.745080891998251e-05,0.00034980323567993004
Sum,29.0,3,0.0002623524267599475,0.0006121556624398776
Sum,30.0,4,0.00034980323567993004,0.0009619588981198076
Sum,31.0,1,8.745080891998251e-05,0.00104940970703979
Sum,32.0,4,0.00034980323567993004,0.0013992129427197202
Sum,33.0,1,8.745080891998251e-05,0.0014866637516397026
Sum,34.0,4,0.00034980323567993004,0.0018364669873196327
Sum,35.0,4,0.00034980323567993004,0.0021862702229995625
Sum,36.0,6,0.000524704853519895,0.0027109750765194575
Sum,37.0,8,0.0006996064713598601,0.0034105815478793176
Sum,38.0,5,0.00043725404459991256,0.00384783559247923
Sum,39.0,15,0.0013117621337997377,0.005159597726278968
Sum,40.0,5,0.00043725404459991256,0.005596851770878881
Sum,41.0,13,0.0011368605159597727,0.006733712286838653
Sum,42.0,13,0.0011368605159597727,0.007870572802798426
Sum,43.0,8,0.0006996064713598601,0.008570179274158285
Sum,44.0,8,0.0006996064713598601,0.009269785745518145
Sum,45.0,14,0.001224311324879755,0.0104940970703979
Sum,46.0,12,0.00104940970703979,0.01154350677743769
Sum,47.0,17,0.0014866637516397026,0.013030170529077394
Sum,48.0,25,0.0021862702229995625,0.015216440752076956
Sum,49.0,23,0.0020113686051595977,0.017227809357236553
Sum,50.0,21,0.0018364669873196327,0.019064276344556187
Sum,51.0,29,0.0025360734586794926,0.02160034980323568
Sum,52.0,20,0.0017490161783996502,0.023349365981635332
Sum,53.0,26,0.0022737210319195454,0.02562308701355488
Sum,54.0,29,0.0025360734586794926,0.028159160472234372
Sum,55.0,41,0.003585483165719283,0.03174464363795366
Sum,56.0,33,0.0028858766943594227,0.03463052033231308
Sum,57.0,47,0.004110188019239178,0.03874070835155226
Sum,58.0,46,0.004022737210319195,0.042763445561871456
Sum,59.0,39,0.003410581547879318,0.04617402710975078
Sum,60.0,52,0.004547442063839091,0.05072146917358987
Sum,61.0,59,0.005159597726278968,0.05588106689986884
Sum,62.0,64,0.005596851770878881,0.06147791867074772
Sum,63.0,68,0.00594665500655881,0.06742457367730653
Sum,64.0,69,0.0060341058154787935,0.07345867949278533
Sum,65.0,62,0.005421950153038916,0.07888062964582424
Sum,66.0,74,0.006471359860078706,0.08535198950590295
Sum,67.0,83,0.007258417140358548,0.0926104066462615
Sum,68.0,85,0.007433318758198513,0.10004372540446001
Sum,69.0,123,0.01075644949715785,0.11080017490161785
Sum,70.0,88,0.007695671184958461,0.11849584608657632
Sum,71.0,75,0.006558810668998688,0.125054656755575
Sum,72.0,92,0.00804547442063839,0.1331001311762134
Sum,73.0,109,0.009532138172278094,0.1426322693484915
Sum,74.0,125,0.010931351114997814,0.15356362046348931
Sum,75.0,105,0.009182334936598164,0.1627459554000875
Sum,76.0,115,0.010056843025797988,0.17280279842588547
Sum,77.0,129,0.011281154350677744,0.18408395277656323
Sum,78.0,108,0.009444687363358111,0.19352864013992133
Sum,79.0,125,0.010931351114997814,0.20445999125491915
Sum,80.0,139,0.01215566243987757,0.2166156536947967
Sum,81.0,135,0.011805859204197638,0.22842151289899434
Sum,82.0,146,0.012767818102317446,0.2411893310013118
Sum,83.0,167,0.014604285089637079,0.25579361609094886
Sum,84.0,163,0.01425448185395715,0.27004809794490603
Sum,85.0,159,0.01390467861827722,0.28395277656318324
Sum,86.0,168,0.014691735898557061,0.2986445124617403
Sum,87.0,167,0.014604285089637079,0.31324879755137736
Sum,88.0,168,0.014691735898557061,0.3279405334499344
Sum,89.0,167,0.014604285089637079,0.34254481853957147
Sum,90.0,163,0.01425448185395715,0.35679930039352864
Sum,91.0,171,0.014954088325317009,0.37175338871884567
Sum,92.0,161,0.014079580236117184,0.38583296895496283
Sum,93.0,179,0.01565369479667687,0.4014866637516397
Sum,94.0,183,0.0160034980323568,0.4174901617839965
Sum,95.0,182,0.015916047223436817,0.4334062090074333
Sum,96.0,177,0.015478793178836905,0.4488850021862702
Sum,97.0,200,0.0174901617839965,0.4663751639702667
Sum,98.0,174,0.015216440752076957,0.48159160472234364
Sum,99.0,211,0.01845212068211631,0.5184083952776564
Sum,100.0,185,0.016178399650196764,0.4999562745955401
Sum,101.0,178,0.015566243987756887,0.48377787494534336
Sum,102.0,170,0.014866637516397026,0.46821163095758644
Sum,103.0,155,0.01355487538259729,0.4533449934411894
Sum,104.0,192,0.01679055531263664,0.4397901180585921
Sum,105.0,188,0.01644075207695671,0.42299956274595546
Sum,106.0,168,0.014691735898557061,0.40655881066899874
Sum,107.0,179,0.01565369479667687,0.3918670747704417
Sum,108.0,165,0.014429383471797114,0.3762133799737648
Sum,109.0,188,0.01644075207695671,0.3617839965019677
Sum,110.0,177,0.015478793178836905,0.34534324442501096
Sum,111.0,187,0.01635330126803673,0.3298644512461741
Sum,112.0,169,0.014779186707477044,0.31351114997813734
Sum,113.0,182,0.015916047223436817,0.2987319632706603
Sum,114.0,162,0.014167031045037167,0.2828159160472235
Sum,115.0,147,0.012855268911237429,0.2686488850021863
Sum,116.0,132,0.01154350677743769,0.25579361609094886
Sum,117.0,131,0.011456055968517708,0.24425010931351118
Sum,118.0,125,0.010931351114997814,0.23279405334499348
Sum,119.0,140,0.012243113248797552,0.22186270222999566
Sum,120.0,123,0.01075644949715785,0.2096195889811981
Sum,121.0,128,0.011193703541757761,0.19886313948404025
Sum,122.0,133,0.011630957586357673,0.1876694359422825
Sum,123.0,119,0.01040664626147792,0.17603847835592482
Sum,124.0,114,0.009969392216878006,0.1656318320944469
Sum,125.0,112,0.00979449059903804,0.1556624398775689
Sum,126.0,114,0.009969392216878006,0.14586794927853086
Sum,127.0,83,0.007258417140358548,0.13589855706165285
Sum,128.0,98,0.008570179274158285,0.1286401399212943
Sum,129.0,114,0.009969392216878006,0.12006996064713601
Sum,130.0,86,0.0075207695671184955,0.110100568430258
Sum,131.0,87,0.007608220376038479,0.1025797988631395
Sum,132.0,84,0.007345867949278531,0.09497157848710103
Sum,133.0,78,0.006821163095758636,0.08762571053782249
Sum,134.0,66,0.005771753388718845,0.08080454744206385
Sum,135.0,66,0.005771753388718845,0.07503279405334501
Sum,136.0,67,0.005859204197638828,0.06926104066462617
Sum,137.0,50,0.004372540445999125,0.06340183646698734
Sum,138.0,50,0.004372540445999125,0.05902929602098822
Sum,139.0,43,0.0037603847835592477,0.05465675557498909
Sum,140.0,49,0.004285089637079143,0.05089637079142984
Sum,141.0,46,0.004022737210319195,0.046611281154350696
Sum,142.0,46,0.004022737210319195,0.0425885439440315
Sum,143.0,39,0.003410581547879318,0.0385658067337123
Sum,144.0,41,0.003585483165719283,0.03515522518583298
Sum,145.0,32,0.0027984258854394403,0.03156974202011369
Sum,146.0,27,0.002361171840839528,0.028771316134674253
Sum,147.0,29,0.0025360734586794926,0.026410144293834724
Sum,148.0,26,0.0022737210319195454,0.02387407083515523
Sum,149.0,24,0.00209881941407958,0.021600349803235684
Sum,150.0,26,0.0022737210319195454,0.019501530389156103
Sum,151.0,25,0.0021862702229995625,0.017227809357236556
Sum,152.0,20,0.0017490161783996502,0.015041539134236993
Sum,153.0,14,0.001224311324879755,0.013292522955837343
Sum,154.0,22,0.0019239177962396153,0.012068211630957587
Sum,155.0,12,0.00104940970703979,0.010144293834717972
Sum,156.0,11,0.0009619588981198076,0.009094884127678182
Sum,157.0,5,0.00043725404459991256,0.008132925229558373
Sum,158.0,15,0.0013117621337997377,0.007695671184958461
Sum,159.0,14,0.001224311324879755,0.006383909051158723
Sum,160.0,10,0.0008745080891998251,0.005159597726278968
Sum,161.0,5,0.00043725404459991256,0.004285089637079143
Sum,162.0,8,0.0006996064713598601,0.00384783559247923
Sum,163.0,9,0.0007870572802798426,0.00314822912111937
Sum,164.0,6,0.000524704853519895,0.0023611718408395274
Sum,165.0,3,0.0002623524267599475,0.0018364669873196324
Sum,166.0,3,0.0002623524267599475,0.001574114560559685
Sum,167.0,6,0.000524704853519895,0.0013117621337997375
Sum,168.0,2,0.00017490161783996502,0.0007870572802798426
Sum,169.0,5,0.00043725404459991256,0.0006121556624398776
Sum,171.0,1,8.745080891998251e-05,0.00017490161783996502
Sum,175.0,1,8.745080891998251e-05,8.745080891998251e-05
Sum Modulo 10,0.0,1128,0.09864451246174027,0.09864451246174027
Sum Modulo 10,1.0,1140,0.09969392216878006,0.19833843463052034
Sum Modulo 10,2.0,1130,0.09881941407958024,0.2971578487101006
Sum Modulo 10,3.0,1154,0.10091823349365982,0.3980760822037604
Sum Modulo 10,4.0,1184,0.10354175776125929,0.5016178399650197
Sum Modulo 10,5.0,1129,0.09873196327066025,0.49838216003498026
Sum Modulo 10,6.0,1109,0.0969829470922606,0.39965019676432
Sum Modulo 10,7.0,1135,0.09925666812418014,0.30266724967205944
Sum Modulo 10,8.0,1092,0.0954962833406209,0.2034105815478793
Sum Modulo 10,9.0,1234,0.10791429820725841,0.10791429820725841
