Category,Difference,pValue,Cumulative P-Value,Observed Frequency,Points
00 - 0,-16,0.00000020,0.00000020,2,5000000
00 - 0,-15,0.00000250,0.00000270,25,370370
00 - 0,-14,0.00000680,0.00000950,68,105263
00 - 0,-13,0.00002860,0.00003810,286,26247
00 - 0,-12,0.00010250,0.00014060,1025,7112
00 - 0,-11,0.00030970,0.00045030,3097,2221
00 - 0,-10,0.00088450,0.00133480,8845,749
00 - 0,-9,0.00223930,0.00357410,22393,280
00 - 0,-8,0.00519180,0.00876590,51918,114
00 - 0,-7,0.01090650,0.01967240,109065,51
00 - 0,-6,0.02072200,0.04039440,207220,25
00 - 0,-5,0.03596580,0.07636020,359658,13
00 - 0,-4,0.05636100,0.13272120,563610,8
00 - 0,-3,0.08030610,0.21302730,803061,5
00 - 0,-2,0.10334860,0.31637590,1033486,3
00 - 0,-1,0.12023130,0.43660720,1202313,2
00 - 0,0,0.12657450,,1265745,0
00 - 0,1,0.12038470,0.43681830,1203847,2
00 - 0,2,0.10339020,0.31643360,1033902,3
00 - 0,3,0.08029070,0.21304340,802907,5
00 - 0,4,0.05644390,0.13275270,564439,8
00 - 0,5,0.03596160,0.07630880,359616,13
00 - 0,6,0.02068600,0.04034720,206860,25
00 - 0,7,0.01088210,0.01966120,108821,51
00 - 0,8,0.00518880,0.00877910,51888,114
00 - 0,9,0.00225160,0.00359030,22516,279
00 - 0,10,0.00089050,0.00133870,8905,747
00 - 0,11,0.00030620,0.00044820,3062,2231
00 - 0,12,0.00010080,0.00014200,1008,7042
00 - 0,13,0.00003070,0.00004120,307,24272
00 - 0,14,0.00000740,0.00001050,74,95238
00 - 0,15,0.00000230,0.00000310,23,322581
00 - 0,16,0.00000050,0.00000080,5,1250000
00 - 0,17,0.00000030,0.00000030,3,3333333
Bottom,3,0.00000010,0.00000010,1,10000000
Bottom,4,0.00000020,0.00000030,2,3333333
Bottom,5,0.00000170,0.00000200,17,500000
Bottom,6,0.00001000,0.00001200,100,83333
Bottom,7,0.00004370,0.00005570,437,17953
Bottom,8,0.00017320,0.00022890,1732,4369
Bottom,9,0.00058760,0.00081650,5876,1225
Bottom,10,0.00173250,0.00254900,17325,392
Bottom,11,0.00438840,0.00693740,43884,144
Bottom,12,0.00983590,0.01677330,98359,60
Bottom,13,0.01972460,0.03649790,197246,27
Bottom,14,0.03511120,0.07160910,351112,14
Bottom,15,0.05630180,0.12791090,563018,8
Bottom,16,0.08086040,0.20877130,808604,5
Bottom,17,0.10466950,0.31344080,1046695,3
Bottom,18,0.12223310,0.43567390,1222331,2
Bottom,19,0.12876680,,1287668,0
Bottom,20,0.12218550,0.43555930,1221855,2
Bottom,21,0.10481180,0.31337380,1048118,3
Bottom,22,0.08079750,0.20856200,807975,5
Bottom,23,0.05619190,0.12776450,561919,8
Bottom,24,0.03514850,0.07157260,351485,14
Bottom,25,0.01970990,0.03642410,197099,27
Bottom,26,0.00982540,0.01671420,98254,60
Bottom,27,0.00433420,0.00688880,43342,145
Bottom,28,0.00172180,0.00255460,17218,391
Bottom,29,0.00059590,0.00083280,5959,1201
Bottom,30,0.00017700,0.00023690,1770,4221
Bottom,31,0.00004900,0.00005990,490,16694
Bottom,32,0.00000940,0.00001090,94,91743
Bottom,33,0.00000120,0.00000150,12,666667
Bottom,34,0.00000010,0.00000030,1,3333333
Bottom,35,0.00000020,0.00000020,2,5000000
Bottom Center,0,0.00003760,0.00003760,376,26596
Bottom Center,1,0.00041360,0.00045120,4136,2216
Bottom Center,2,0.00232990,0.00278110,23299,360
Bottom Center,3,0.00873320,0.01151430,87332,87
Bottom Center,4,0.02362590,0.03514020,236259,28
Bottom Center,5,0.05001930,0.08515950,500193,12
Bottom Center,6,0.08540820,0.17056770,854082,6
Bottom Center,7,0.12119390,0.29176160,1211939,3
Bottom Center,8,0.14557560,0.43733720,1455756,2
Bottom Center,9,0.15079940,0.58813660,1507994,2
Bottom Center,10,0.13570450,0.72384110,1357045,1
Bottom Center,11,0.10723300,0.83107410,1072330,1
Bottom Center,12,0.07486210,0.90593620,748621,1
Bottom Center,13,0.04640290,0.09406380,464029,11
Bottom Center,14,0.02570190,0.04766090,257019,21
Bottom Center,15,0.01276220,0.02195900,127622,46
Bottom Center,16,0.00569240,0.00919680,56924,109
Bottom Center,17,0.00229850,0.00350440,22985,285
Bottom Center,18,0.00082850,0.00120590,8285,829
Bottom Center,19,0.00026600,0.00037740,2660,2650
Bottom Center,20,0.00008070,0.00011140,807,8977
Bottom Center,21,0.00002270,0.00003070,227,32573
Bottom Center,22,0.00000660,0.00000800,66,125000
Bottom Center,23,0.00000120,0.00000140,12,714286
Bottom Center,24,0.00000010,0.00000020,1,5000000
Bottom Center,26,0.00000010,0.00000010,1,10000000
Bottom Ends,0,0.00000880,0.00000880,88,113636
Bottom Ends,1,0.00012200,0.00013080,1220,7645
Bottom Ends,2,0.00081610,0.00094690,8161,1056
Bottom Ends,3,0.00348660,0.00443350,34866,226
Bottom Ends,4,0.01104620,0.01547970,110462,65
Bottom Ends,5,0.02663070,0.04211040,266307,24
Bottom Ends,6,0.05219540,0.09430580,521954,11
Bottom Ends,7,0.08550690,0.17981270,855069,6
Bottom Ends,8,0.11798700,0.29779970,1179870,3
Bottom Ends,9,0.14052680,0.43832650,1405268,2
Bottom Ends,10,0.14574810,0.58407460,1457481,2
Bottom Ends,11,0.13230640,0.71638100,1323064,1
Bottom Ends,12,0.10643540,0.82281640,1064354,1
Bottom Ends,13,0.07608400,,760840,0
Bottom Ends,14,0.04840610,0.10109960,484061,10
Bottom Ends,15,0.02768200,0.05269350,276820,19
Bottom Ends,16,0.01421590,0.02501150,142159,40
Bottom Ends,17,0.00656350,0.01079560,65635,93
Bottom Ends,18,0.00271040,0.00423210,27104,236
Bottom Ends,19,0.00103430,0.00152170,10343,657
Bottom Ends,20,0.00034280,0.00048740,3428,2052
Bottom Ends,21,0.00010800,0.00014460,1080,6916
Bottom Ends,22,0.00002750,0.00003660,275,27322
Bottom Ends,23,0.00000660,0.00000910,66,109890
Bottom Ends,24,0.00000190,0.00000250,19,400000
Bottom Ends,25,0.00000020,0.00000060,2,1666667
Bottom Ends,26,0.00000040,0.00000040,4,2500000
Bottom Ends - Center,-22,0.00000020,0.00000020,2,5000000
Bottom Ends - Center,-21,0.00000020,0.00000040,2,2500000
Bottom Ends - Center,-20,0.00000030,0.00000070,3,1428571
Bottom Ends - Center,-19,0.00000200,0.00000270,20,370370
Bottom Ends - Center,-18,0.00000570,0.00000840,57,119048
Bottom Ends - Center,-17,0.00001490,0.00002330,149,42918
Bottom Ends - Center,-16,0.00004250,0.00006580,425,15198
Bottom Ends - Center,-15,0.00010850,0.00017430,1085,5737
Bottom Ends - Center,-14,0.00022980,0.00040410,2298,2475
Bottom Ends - Center,-13,0.00049940,0.00090350,4994,1107
Bottom Ends - Center,-12,0.00106510,0.00196860,10651,508
Bottom Ends - Center,-11,0.00202810,0.00399670,20281,250
Bottom Ends - Center,-10,0.00380170,0.00779840,38017,128
Bottom Ends - Center,-9,0.00656710,0.01436550,65671,70
Bottom Ends - Center,-8,0.01095410,0.02531960,109541,39
Bottom Ends - Center,-7,0.01707140,0.04239100,170714,24
Bottom Ends - Center,-6,0.02529240,0.06768340,252924,15
Bottom Ends - Center,-5,0.03562390,0.10330730,356239,10
Bottom Ends - Center,-4,0.04755240,0.15085970,475524,7
Bottom Ends - Center,-3,0.06000900,0.21086870,600090,5
Bottom Ends - Center,-2,0.07219640,0.28306510,721964,4
Bottom Ends - Center,-1,0.08211270,0.36517780,821127,3
Bottom Ends - Center,0,0.08884660,,888466,0
Bottom Ends - Center,1,0.09121300,0.54597560,912130,2
Bottom Ends - Center,2,0.08910720,0.45476260,891072,2
Bottom Ends - Center,3,0.08230510,0.36565540,823051,3
Bottom Ends - Center,4,0.07238440,0.28335030,723844,4
Bottom Ends - Center,5,0.06022710,0.21096590,602271,5
Bottom Ends - Center,6,0.04773860,0.15073880,477386,7
Bottom Ends - Center,7,0.03560740,0.10300020,356074,10
Bottom Ends - Center,8,0.02544920,0.06739280,254492,15
Bottom Ends - Center,9,0.01700820,0.04194360,170082,24
Bottom Ends - Center,10,0.01085400,0.02493540,108540,40
Bottom Ends - Center,11,0.00652930,0.01408140,65293,71
Bottom Ends - Center,12,0.00372170,0.00755210,37217,132
Bottom Ends - Center,13,0.00196870,0.00383040,19687,261
Bottom Ends - Center,14,0.00102100,0.00186170,10210,537
Bottom Ends - Center,15,0.00047750,0.00084070,4775,1189
Bottom Ends - Center,16,0.00021800,0.00036320,2180,2753
Bottom Ends - Center,17,0.00009460,0.00014520,946,6887
Bottom Ends - Center,18,0.00003220,0.00005060,322,19763
Bottom Ends - Center,19,0.00001140,0.00001840,114,54348
Bottom Ends - Center,20,0.00000400,0.00000700,40,142857
Bottom Ends - Center,21,0.00000210,0.00000300,21,333333
Bottom Ends - Center,22,0.00000050,0.00000090,5,1111111
Bottom Ends - Center,23,0.00000030,0.00000040,3,2500000
Bottom Ends - Center,24,0.00000010,0.00000010,1,10000000
Center 9 Top - Bottom,-23,0.00000010,0.00000010,1,10000000
Center 9 Top - Bottom,-22,0.00000020,0.00000030,2,3333333
Center 9 Top - Bottom,-21,0.00000040,0.00000070,4,1428571
Center 9 Top - Bottom,-20,0.00000090,0.00000160,9,625000
Center 9 Top - Bottom,-19,0.00000350,0.00000510,35,196078
Center 9 Top - Bottom,-18,0.00001020,0.00001530,102,65359
Center 9 Top - Bottom,-17,0.00002570,0.00004100,257,24390
Center 9 Top - Bottom,-16,0.00006800,0.00010900,680,9174
Center 9 Top - Bottom,-15,0.00017080,0.00027980,1708,3574
Center 9 Top - Bottom,-14,0.00037900,0.00065880,3790,1518
Center 9 Top - Bottom,-13,0.00083470,0.00149350,8347,670
Center 9 Top - Bottom,-12,0.00167940,0.00317290,16794,315
Center 9 Top - Bottom,-11,0.00321140,0.00638430,32114,157
Center 9 Top - Bottom,-10,0.00584820,0.01223250,58482,82
Center 9 Top - Bottom,-9,0.00994970,0.02218220,99497,45
Center 9 Top - Bottom,-8,0.01602590,0.03820810,160259,26
Center 9 Top - Bottom,-7,0.02425040,0.06245850,242504,16
Center 9 Top - Bottom,-6,0.03477180,0.09723030,347718,10
Center 9 Top - Bottom,-5,0.04706030,0.14429060,470603,7
Center 9 Top - Bottom,-4,0.06030770,0.20459830,603077,5
Center 9 Top - Bottom,-3,0.07329320,0.27789150,732932,4
Center 9 Top - Bottom,-2,0.08406380,0.36195530,840638,3
Center 9 Top - Bottom,-1,0.09126850,0.45322380,912685,2
Center 9 Top - Bottom,0,0.09374670,,937467,0
Center 9 Top - Bottom,1,0.09130900,0.45302950,913090,2
Center 9 Top - Bottom,2,0.08395100,0.36172050,839510,3
Center 9 Top - Bottom,3,0.07323580,0.27776950,732358,4
Center 9 Top - Bottom,4,0.06034840,0.20453370,603484,5
Center 9 Top - Bottom,5,0.04705580,0.14418530,470558,7
Center 9 Top - Bottom,6,0.03472930,0.09712950,347293,10
Center 9 Top - Bottom,7,0.02425350,0.06240020,242535,16
Center 9 Top - Bottom,8,0.01599600,0.03814670,159960,26
Center 9 Top - Bottom,9,0.00991270,0.02215070,99127,45
Center 9 Top - Bottom,10,0.00580940,0.01223800,58094,82
Center 9 Top - Bottom,11,0.00325800,0.00642860,32580,156
Center 9 Top - Bottom,12,0.00168050,0.00317060,16805,315
Center 9 Top - Bottom,13,0.00082020,0.00149010,8202,671
Center 9 Top - Bottom,14,0.00038360,0.00066990,3836,1493
Center 9 Top - Bottom,15,0.00017170,0.00028630,1717,3493
Center 9 Top - Bottom,16,0.00007290,0.00011460,729,8726
Center 9 Top - Bottom,17,0.00002800,0.00004170,280,23981
Center 9 Top - Bottom,18,0.00000920,0.00001370,92,72993
Center 9 Top - Bottom,19,0.00000330,0.00000450,33,222222
Center 9 Top - Bottom,20,0.00000100,0.00000120,10,833333
Center 9 Top - Bottom,21,0.00000010,0.00000020,1,5000000
Center 9 Top - Bottom,25,0.00000010,0.00000010,1,10000000
Center Bottom,0,0.00003760,0.00003760,376,26596
Center Bottom,1,0.00041360,0.00045120,4136,2216
Center Bottom,2,0.00232990,0.00278110,23299,360
Center Bottom,3,0.00873320,0.01151430,87332,87
Center Bottom,4,0.02362590,0.03514020,236259,28
Center Bottom,5,0.05001930,0.08515950,500193,12
Center Bottom,6,0.08540820,0.17056770,854082,6
Center Bottom,7,0.12119390,0.29176160,1211939,3
Center Bottom,8,0.14557560,0.43733720,1455756,2
Center Bottom,9,0.15079940,0.58813660,1507994,2
Center Bottom,10,0.13570450,0.72384110,1357045,1
Center Bottom,11,0.10723300,0.83107410,1072330,1
Center Bottom,12,0.07486210,0.90593620,748621,1
Center Bottom,13,0.04640290,0.09406380,464029,11
Center Bottom,14,0.02570190,0.04766090,257019,21
Center Bottom,15,0.01276220,0.02195900,127622,46
Center Bottom,16,0.00569240,0.00919680,56924,109
Center Bottom,17,0.00229850,0.00350440,22985,285
Center Bottom,18,0.00082850,0.00120590,8285,829
Center Bottom,19,0.00026600,0.00037740,2660,2650
Center Bottom,20,0.00008070,0.00011140,807,8977
Center Bottom,21,0.00002270,0.00003070,227,32573
Center Bottom,22,0.00000660,0.00000800,66,125000
Center Bottom,23,0.00000120,0.00000140,12,714286
Center Bottom,24,0.00000010,0.00000020,1,5000000
Center Bottom,26,0.00000010,0.00000010,1,10000000
Center Top,0,0.00003400,0.00003400,340,29412
Center Top,1,0.00041400,0.00044800,4140,2232
Center Top,2,0.00233500,0.00278300,23350,359
Center Top,3,0.00870680,0.01148980,87068,87
Center Top,4,0.02365900,0.03514880,236590,28
Center Top,5,0.05003570,0.08518450,500357,12
Center Top,6,0.08545670,0.17064120,854567,6
Center Top,7,0.12123300,0.29187420,1212330,3
Center Top,8,0.14591460,0.43778880,1459146,2
Center Top,9,0.15070210,0.58849090,1507021,2
Center Top,10,0.13557000,0.72406090,1355700,1
Center Top,11,0.10694630,0.83100720,1069463,1
Center Top,12,0.07481640,0.90582360,748164,1
Center Top,13,0.04645410,0.09417640,464541,11
Center Top,14,0.02569480,0.04772230,256948,21
Center Top,15,0.01282540,0.02202750,128254,45
Center Top,16,0.00570400,0.00920210,57040,109
Center Top,17,0.00229070,0.00349810,22907,286
Center Top,18,0.00082550,0.00120740,8255,828
Center Top,19,0.00027470,0.00038190,2747,2618
Center Top,20,0.00007760,0.00010720,776,9328
Center Top,21,0.00002330,0.00002960,233,33784
Center Top,22,0.00000440,0.00000630,44,158730
Center Top,23,0.00000170,0.00000190,17,526316
Center Top,25,0.00000020,0.00000020,2,5000000
Density (Top 5 Sum),9,0.00000030,0.00000030,3,3333333
Density (Top 5 Sum),10,0.01436000,0.01436030,143600,70
Density (Top 5 Sum),11,0.06993320,0.08429350,699332,12
Density (Top 5 Sum),12,0.15811350,0.24240700,1581135,4
Density (Top 5 Sum),13,0.22312720,0.46553420,2231272,2
Density (Top 5 Sum),14,0.21959690,0.68513110,2195969,1
Density (Top 5 Sum),15,0.16833100,0.85346210,1683310,1
Density (Top 5 Sum),16,0.09267700,0.94613910,926770,1
Density (Top 5 Sum),17,0.03785180,0.05386090,378518,19
Density (Top 5 Sum),18,0.01209010,0.01600910,120901,62
Density (Top 5 Sum),19,0.00313790,0.00391900,31379,255
Density (Top 5 Sum),20,0.00064700,0.00078110,6470,1280
Density (Top 5 Sum),21,0.00011510,0.00013410,1151,7457
Density (Top 5 Sum),22,0.00001670,0.00001900,167,52632
Density (Top 5 Sum),23,0.00000160,0.00000230,16,434783
Density (Top 5 Sum),24,0.00000070,0.00000070,7,1428571
Left,3,0.00000010,0.00000010,1,10000000
Left,4,0.00000100,0.00000110,10,909091
Left,5,0.00000910,0.00001020,91,98039
Left,6,0.00003820,0.00004840,382,20661
Left,7,0.00015620,0.00020460,1562,4888
Left,8,0.00053770,0.00074230,5377,1347
Left,9,0.00161070,0.00235300,16107,425
Left,10,0.00421580,0.00656880,42158,152
Left,11,0.00963450,0.01620330,96345,62
Left,12,0.01950380,0.03570710,195038,28
Left,13,0.03515090,0.07085800,351509,14
Left,14,0.05645120,0.12730920,564512,8
Left,15,0.08139120,0.20870040,813912,5
Left,16,0.10515520,0.31385560,1051552,3
Left,17,0.12260360,0.43645920,1226036,2
Left,18,0.12869890,,1286989,0
Left,19,0.12229220,0.43484190,1222922,2
Left,20,0.10442350,0.31254970,1044235,3
Left,21,0.08048920,0.20812620,804892,5
Left,22,0.05583130,0.12763700,558313,8
Left,23,0.03502280,0.07180570,350228,14
Left,24,0.01975890,0.03678290,197589,27
Left,25,0.00990010,0.01702400,99001,59
Left,26,0.00444110,0.00712390,44411,140
Left,27,0.00178470,0.00268280,17847,373
Left,28,0.00064110,0.00089810,6411,1113
Left,29,0.00019200,0.00025700,1920,3891
Left,30,0.00005170,0.00006500,517,15385
Left,31,0.00001050,0.00001330,105,75188
Left,32,0.00000200,0.00000280,20,357143
Left,33,0.00000080,0.00000080,8,1250000
Left - Right,-30,0.00000020,0.00000020,2,5000000
Left - Right,-29,0.00000020,0.00000040,2,2500000
Left - Right,-28,0.00000030,0.00000070,3,1428571
Left - Right,-27,0.00000090,0.00000160,9,625000
Left - Right,-26,0.00000360,0.00000520,36,192308
Left - Right,-25,0.00000770,0.00001290,77,77519
Left - Right,-24,0.00001650,0.00002940,165,34014
Left - Right,-23,0.00002930,0.00005870,293,17036
Left - Right,-22,0.00006670,0.00012540,667,7974
Left - Right,-21,0.00011700,0.00024240,1170,4125
Left - Right,-20,0.00023580,0.00047820,2358,2091
Left - Right,-19,0.00039350,0.00087170,3935,1147
Left - Right,-18,0.00070480,0.00157650,7048,634
Left - Right,-17,0.00112180,0.00269830,11218,371
Left - Right,-16,0.00189360,0.00459190,18936,218
Left - Right,-15,0.00283320,0.00742510,28332,135
Left - Right,-14,0.00446600,0.01189110,44660,84
Left - Right,-13,0.00628740,0.01817850,62874,55
Left - Right,-12,0.00923950,0.02741800,92395,36
Left - Right,-11,0.01232010,0.03973810,123201,25
Left - Right,-10,0.01706590,0.05680400,170659,18
Left - Right,-9,0.02142650,0.07823050,214265,13
Left - Right,-8,0.02805100,0.10628150,280510,9
Left - Right,-7,0.03337240,0.13965390,333724,7
Left - Right,-6,0.04111780,0.18077170,411178,6
Left - Right,-5,0.04630260,0.22707430,463026,4
Left - Right,-4,0.05384500,0.28091930,538450,4
Left - Right,-3,0.05761050,0.33852980,576105,3
Left - Right,-2,0.06341810,0.40194790,634181,2
Left - Right,-1,0.06418310,0.46613100,641831,2
Left - Right,0,0.06706080,,670608,0
Left - Right,1,0.06438170,0.46680820,643817,2
Left - Right,2,0.06353020,0.40242650,635302,2
Left - Right,3,0.05781910,0.33889630,578191,3
Left - Right,4,0.05391540,0.28107720,539154,4
Left - Right,5,0.04650040,0.22716180,465004,4
Left - Right,6,0.04098270,0.18066140,409827,6
Left - Right,7,0.03346170,0.13967870,334617,7
Left - Right,8,0.02793410,0.10621700,279341,9
Left - Right,9,0.02147890,0.07828290,214789,13
Left - Right,10,0.01710000,0.05680400,171000,18
Left - Right,11,0.01236640,0.03970400,123664,25
Left - Right,12,0.00921790,0.02733760,92179,37
Left - Right,13,0.00631540,0.01811970,63154,55
Left - Right,14,0.00443890,0.01180430,44389,85
Left - Right,15,0.00280220,0.00736540,28022,136
Left - Right,16,0.00188100,0.00456320,18810,219
Left - Right,17,0.00111380,0.00268220,11138,373
Left - Right,18,0.00071320,0.00156840,7132,638
Left - Right,19,0.00039440,0.00085520,3944,1169
Left - Right,20,0.00022800,0.00046080,2280,2170
Left - Right,21,0.00011450,0.00023280,1145,4296
Left - Right,22,0.00006420,0.00011830,642,8453
Left - Right,23,0.00002960,0.00005410,296,18484
Left - Right,24,0.00001590,0.00002450,159,40816
Left - Right,25,0.00000490,0.00000860,49,116279
Left - Right,26,0.00000210,0.00000370,21,270270
Left - Right,27,0.00000060,0.00000160,6,625000
Left - Right,28,0.00000080,0.00000100,8,1000000
Left - Right,29,0.00000020,0.00000020,2,5000000
Left Bottom,0,0.00466790,0.00466790,46679,214
Left Bottom,1,0.02701860,0.03168650,270186,32
Left Bottom,2,0.07591370,0.10760020,759137,9
Left Bottom,3,0.13787030,0.24547050,1378703,4
Left Bottom,4,0.18252370,0.42799420,1825237,2
Left Bottom,5,0.18826140,0.61625560,1882614,2
Left Bottom,6,0.15701060,0.77326620,1570106,1
Left Bottom,7,0.10861640,0.88188260,1086164,1
Left Bottom,8,0.06369030,0.94557290,636903,1
Left Bottom,9,0.03221630,,322163,0
Left Bottom,10,0.01414070,0.02221080,141407,45
Left Bottom,11,0.00546880,0.00807010,54688,124
Left Bottom,12,0.00184530,0.00260130,18453,384
Left Bottom,13,0.00055510,0.00075600,5551,1323
Left Bottom,14,0.00015390,0.00020090,1539,4978
Left Bottom,15,0.00003580,0.00004700,358,21277
Left Bottom,16,0.00000920,0.00001120,92,89286
Left Bottom,17,0.00000150,0.00000200,15,500000
Left Bottom,18,0.00000050,0.00000050,5,2000000
Left Top,0,0.00467280,0.00467280,46728,214
Left Top,1,0.02692100,0.03159380,269210,32
Left Top,2,0.07579340,0.10738720,757934,9
Left Top,3,0.13763710,0.24502430,1376371,4
Left Top,4,0.18279800,0.42782230,1827980,2
Left Top,5,0.18806430,0.61588660,1880643,2
Left Top,6,0.15708000,0.77296660,1570800,1
Left Top,7,0.10883890,0.88180550,1088389,1
Left Top,8,0.06378450,0.94559000,637845,1
Left Top,9,0.03214520,0.05441000,321452,18
Left Top,10,0.01415850,0.02226480,141585,45
Left Top,11,0.00548010,0.00810630,54801,123
Left Top,12,0.00186690,0.00262620,18669,381
Left Top,13,0.00055890,0.00075930,5589,1317
Left Top,14,0.00015420,0.00020040,1542,4990
Left Top,15,0.00003630,0.00004620,363,21645
Left Top,16,0.00000800,0.00000990,80,101010
Left Top,17,0.00000190,0.00000190,19,526316
Lower Left,0,0.00003510,0.00003510,351,28490
Lower Left,1,0.00041550,0.00045060,4155,2219
Lower Left,2,0.00235410,0.00280470,23541,357
Lower Left,3,0.00872110,0.01152580,87211,87
Lower Left,4,0.02365510,0.03518090,236551,28
Lower Left,5,0.05004310,0.08522400,500431,12
Lower Left,6,0.08529330,0.17051730,852933,6
Lower Left,7,0.12131060,0.29182790,1213106,3
Lower Left,8,0.14573860,0.43756650,1457386,2
Lower Left,9,0.15060430,0.58817080,1506043,2
Lower Left,10,0.13560210,0.72377290,1356021,1
Lower Left,11,0.10731110,0.83108400,1073111,1
Lower Left,12,0.07486600,0.90595000,748660,1
Lower Left,13,0.04643940,0.09405000,464394,11
Lower Left,14,0.02567480,0.04761060,256748,21
Lower Left,15,0.01278500,0.02193580,127850,46
Lower Left,16,0.00567770,0.00915080,56777,109
Lower Left,17,0.00226150,0.00347310,22615,288
Lower Left,18,0.00083790,0.00121160,8379,825
Lower Left,19,0.00026880,0.00037370,2688,2676
Lower Left,20,0.00007870,0.00010490,787,9533
Lower Left,21,0.00002010,0.00002620,201,38168
Lower Left,22,0.00000460,0.00000610,46,163934
Lower Left,23,0.00000120,0.00000150,12,666667
Lower Left,24,0.00000020,0.00000030,2,3333333
Lower Left,26,0.00000010,0.00000010,1,10000000
Lower Right,0,0.00003350,0.00003350,335,29851
Lower Right,1,0.00040500,0.00043850,4050,2281
Lower Right,2,0.00236380,0.00280230,23638,357
Lower Right,3,0.00868330,0.01148560,86833,87
Lower Right,4,0.02370680,0.03519240,237068,28
Lower Right,5,0.04993980,0.08513220,499398,12
Lower Right,6,0.08542430,0.17055650,854243,6
Lower Right,7,0.12115120,0.29170770,1211512,3
Lower Right,8,0.14591120,0.43761890,1459112,2
Lower Right,9,0.15072720,0.58834610,1507272,2
Lower Right,10,0.13566640,0.72401250,1356664,1
Lower Right,11,0.10701920,0.83103170,1070192,1
Lower Right,12,0.07488290,0.90591460,748829,1
Lower Right,13,0.04643330,0.09408540,464333,11
Lower Right,14,0.02573620,0.04765210,257362,21
Lower Right,15,0.01274190,0.02191590,127419,46
Lower Right,16,0.00568350,0.00917400,56835,109
Lower Right,17,0.00228260,0.00349050,22826,286
Lower Right,18,0.00081810,0.00120790,8181,828
Lower Right,19,0.00028320,0.00038980,2832,2565
Lower Right,20,0.00007740,0.00010660,774,9381
Lower Right,21,0.00002200,0.00002920,220,34247
Lower Right,22,0.00000530,0.00000720,53,138889
Lower Right,23,0.00000150,0.00000190,15,526316
Lower Right,24,0.00000020,0.00000040,2,2500000
Lower Right,25,0.00000020,0.00000020,2,5000000
Max Counts,2,0.01435900,0.01435900,143590,70
Max Counts,3,0.46534580,0.47970480,4653458,2
Max Counts,4,0.40734740,0.88705220,4073474,1
Max Counts,5,0.09611780,0.98317000,961178,1
Max Counts,6,0.01477650,0.99794650,147765,1
Max Counts,7,0.00183900,0.00205350,18390,487
Max Counts,8,0.00019540,0.00021450,1954,4662
Max Counts,9,0.00001800,0.00001910,180,52356
Max Counts,10,0.00000070,0.00000110,7,909091
Max Counts,11,0.00000040,0.00000040,4,2500000
Max Hits,2,0.01435900,0.01435900,143590,70
Max Hits,3,0.46534580,0.47970480,4653458,2
Max Hits,4,0.40734740,0.88705220,4073474,1
Max Hits,5,0.09611780,0.98317000,961178,1
Max Hits,6,0.01477650,0.99794650,147765,1
Max Hits,7,0.00183900,0.00205350,18390,487
Max Hits,8,0.00019540,0.00021450,1954,4662
Max Hits,9,0.00001800,0.00001910,180,52356
Max Hits,10,0.00000070,0.00000110,7,909091
Max Hits,11,0.00000040,0.00000040,4,2500000
Right,4,0.00000070,0.00000070,7,1428571
Right,5,0.00000600,0.00000670,60,149254
Right,6,0.00003780,0.00004450,378,22472
Right,7,0.00015640,0.00020090,1564,4978
Right,8,0.00053230,0.00073320,5323,1364
Right,9,0.00161150,0.00234470,16115,426
Right,10,0.00417000,0.00651470,41700,153
Right,11,0.00964640,0.01616110,96464,62
Right,12,0.01954820,0.03570930,195482,28
Right,13,0.03514470,0.07085400,351447,14
Right,14,0.05653100,0.12738500,565310,8
Right,15,0.08138670,0.20877170,813867,5
Right,16,0.10535290,0.31412460,1053529,3
Right,17,0.12274630,0.43687090,1227463,2
Right,18,0.12899220,0.56586310,1289922,2
Right,19,0.12179920,,1217992,0
Right,20,0.10423220,0.31233770,1042322,3
Right,21,0.08040220,0.20810550,804022,5
Right,22,0.05582430,0.12770330,558243,8
Right,23,0.03504690,0.07187900,350469,14
Right,24,0.01969700,0.03683210,196970,27
Right,25,0.00997160,0.01713510,99716,58
Right,26,0.00446150,0.00716350,44615,140
Right,27,0.00178340,0.00270200,17834,370
Right,28,0.00064210,0.00091860,6421,1089
Right,29,0.00020550,0.00027650,2055,3617
Right,30,0.00005510,0.00007100,551,14085
Right,31,0.00001330,0.00001590,133,62893
Right,32,0.00000200,0.00000260,20,384615
Right,33,0.00000050,0.00000060,5,1666667
Right,34,0.00000010,0.00000010,1,10000000
Right Bottom,0,0.00464940,0.00464940,46494,215
Right Bottom,1,0.02698650,0.03163590,269865,32
Right Bottom,2,0.07573620,0.10737210,757362,9
Right Bottom,3,0.13795140,0.24532350,1379514,4
Right Bottom,4,0.18288540,0.42820890,1828854,2
Right Bottom,5,0.18826300,0.61647190,1882630,2
Right Bottom,6,0.15700220,0.77347410,1570022,1
Right Bottom,7,0.10837240,0.88184650,1083724,1
Right Bottom,8,0.06373940,0.94558590,637394,1
Right Bottom,9,0.03216380,,321638,0
Right Bottom,10,0.01414820,0.02225030,141482,45
Right Bottom,11,0.00546230,0.00810210,54623,123
Right Bottom,12,0.00186350,0.00263980,18635,379
Right Bottom,13,0.00057860,0.00077630,5786,1288
Right Bottom,14,0.00015200,0.00019770,1520,5058
Right Bottom,15,0.00003660,0.00004570,366,21882
Right Bottom,16,0.00000630,0.00000910,63,109890
Right Bottom,17,0.00000220,0.00000280,22,357143
Right Bottom,18,0.00000060,0.00000060,6,1666667
Right Top,0,0.00474960,0.00474960,47496,211
Right Top,1,0.02706130,0.03181090,270613,31
Right Top,2,0.07576630,0.10757720,757663,9
Right Top,3,0.13774010,0.24531730,1377401,4
Right Top,4,0.18259460,0.42791190,1825946,2
Right Top,5,0.18829780,0.61620970,1882978,2
Right Top,6,0.15690590,0.77311560,1569059,1
Right Top,7,0.10861290,0.88172850,1086129,1
Right Top,8,0.06378810,0.94551660,637881,1
Right Top,9,0.03225600,,322560,0
Right Top,10,0.01412530,0.02222740,141253,45
Right Top,11,0.00546860,0.00810210,54686,123
Right Top,12,0.00187070,0.00263350,18707,380
Right Top,13,0.00056480,0.00076280,5648,1311
Right Top,14,0.00015120,0.00019800,1512,5051
Right Top,15,0.00003610,0.00004680,361,21368
Right Top,16,0.00000800,0.00001070,80,93458
Right Top,17,0.00000240,0.00000270,24,370370
Right Top,18,0.00000030,0.00000030,3,3333333
Sum of 0,0,0.00466530,0.00466530,46653,214
Sum of 0,1,0.02707610,0.03174140,270761,32
Sum of 0,2,0.07582190,0.10756330,758219,9
Sum of 0,3,0.13780810,0.24537140,1378081,4
Sum of 0,4,0.18273230,0.42810370,1827323,2
Sum of 0,5,0.18835470,0.61645840,1883547,2
Sum of 0,6,0.15674890,0.77320730,1567489,1
Sum of 0,7,0.10857010,0.88177740,1085701,1
Sum of 0,8,0.06387960,0.94565700,638796,1
Sum of 0,9,0.03212820,321282,0
Sum of 0,10,0.01410140,0.02221480,141014,45
Sum of 0,11,0.00548870,0.00811340,54887,123
Sum of 0,12,0.00186600,0.00262470,18660,381
Sum of 0,13,0.00056510,0.00075870,5651,1318
Sum of 0,14,0.00014950,0.00019360,1495,5165
Sum of 0,15,0.00003450,0.00004410,345,22676
Sum of 0,16,0.00000850,0.00000960,85,104167
Sum of 0,17,0.00000090,0.00000110,9,909091
Sum of 0,18,0.00000020,0.00000020,2,5000000
Sum of 00,0,0.00470080,0.00470080,47008,213
Sum of 00,1,0.02703250,0.03173330,270325,32
Sum of 00,2,0.07585140,0.10758470,758514,9
Sum of 00,3,0.13782170,0.24540640,1378217,4
Sum of 00,4,0.18275020,0.42815660,1827502,2
Sum of 00,5,0.18815230,0.61630890,1881523,2
Sum of 00,6,0.15684230,0.77315120,1568423,1
Sum of 00,7,0.10855130,0.88170250,1085513,1
Sum of 00,8,0.06380430,0.94550680,638043,1
Sum of 00,9,0.03223820,,322382,0
Sum of 00,10,0.01420670,0.02225500,142067,45
Sum of 00,11,0.00544330,0.00804830,54433,124
Sum of 00,12,0.00185430,0.00260500,18543,384
Sum of 00,13,0.00055700,0.00075070,5570,1332
Sum of 00,14,0.00014760,0.00019370,1476,5163
Sum of 00,15,0.00003630,0.00004610,363,21692
Sum of 00,16,0.00000800,0.00000980,80,102041
Sum of 00,17,0.00000140,0.00000180,14,555556
Sum of 00,18,0.00000040,0.00000040,4,2500000
Top,3,0.00000020,0.00000020,2,5000000
Top,4,0.00000010,0.00000030,1,3333333
Top,5,0.00000120,0.00000150,12,666667
Top,6,0.00000940,0.00001090,94,91743
Top,7,0.00004900,0.00005990,490,16694
Top,8,0.00017700,0.00023690,1770,4221
Top,9,0.00059590,0.00083280,5959,1201
Top,10,0.00172180,0.00255460,17218,391
Top,11,0.00433420,0.00688880,43342,145
Top,12,0.00982540,0.01671420,98254,60
Top,13,0.01970990,0.03642410,197099,27
Top,14,0.03514850,0.07157260,351485,14
Top,15,0.05619190,0.12776450,561919,8
Top,16,0.08079750,0.20856200,807975,5
Top,17,0.10481180,0.31337380,1048118,3
Top,18,0.12218550,0.43555930,1221855,2
Top,19,0.12876680,,1287668,0
Top,20,0.12223310,0.43567390,1222331,2
Top,21,0.10466950,0.31344080,1046695,3
Top,22,0.08086040,0.20877130,808604,5
Top,23,0.05630180,0.12791090,563018,8
Top,24,0.03511120,0.07160910,351112,14
Top,25,0.01972460,0.03649790,197246,27
Top,26,0.00983590,0.01677330,98359,60
Top,27,0.00438840,0.00693740,43884,144
Top,28,0.00173250,0.00254900,17325,392
Top,29,0.00058760,0.00081650,5876,1225
Top,30,0.00017320,0.00022890,1732,4369
Top,31,0.00004370,0.00005570,437,17953
Top,32,0.00001000,0.00001200,100,83333
Top,33,0.00000170,0.00000200,17,500000
Top,34,0.00000020,0.00000030,2,3333333
Top,35,0.00000010,0.00000010,1,10000000
Top - Bottom,-32,0.00000020,0.00000020,2,5000000
Top - Bottom,-30,0.00000010,0.00000030,1,3333333
Top - Bottom,-28,0.00000120,0.00000150,12,666667
Top - Bottom,-26,0.00000940,0.00001090,94,91743
Top - Bottom,-24,0.00004900,0.00005990,490,16694
Top - Bottom,-22,0.00017700,0.00023690,1770,4221
Top - Bottom,-20,0.00059590,0.00083280,5959,1201
Top - Bottom,-18,0.00172180,0.00255460,17218,391
Top - Bottom,-16,0.00433420,0.00688880,43342,145
Top - Bottom,-14,0.00982540,0.01671420,98254,60
Top - Bottom,-12,0.01970990,0.03642410,197099,27
Top - Bottom,-10,0.03514850,0.07157260,351485,14
Top - Bottom,-8,0.05619190,0.12776450,561919,8
Top - Bottom,-6,0.08079750,0.20856200,807975,5
Top - Bottom,-4,0.10481180,0.31337380,1048118,3
Top - Bottom,-2,0.12218550,0.43555930,1221855,2
Top - Bottom,0,0.12876680,,1287668,0
Top - Bottom,2,0.12223310,0.43567390,1222331,2
Top - Bottom,4,0.10466950,0.31344080,1046695,3
Top - Bottom,6,0.08086040,0.20877130,808604,5
Top - Bottom,8,0.05630180,0.12791090,563018,8
Top - Bottom,10,0.03511120,0.07160910,351112,14
Top - Bottom,12,0.01972460,0.03649790,197246,27
Top - Bottom,14,0.00983590,0.01677330,98359,60
Top - Bottom,16,0.00438840,0.00693740,43884,144
Top - Bottom,18,0.00173250,0.00254900,17325,392
Top - Bottom,20,0.00058760,0.00081650,5876,1225
Top - Bottom,22,0.00017320,0.00022890,1732,4369
Top - Bottom,24,0.00004370,0.00005570,437,17953
Top - Bottom,26,0.00001000,0.00001200,100,83333
Top - Bottom,28,0.00000170,0.00000200,17,500000
Top - Bottom,30,0.00000020,0.00000030,2,3333333
Top - Bottom,32,0.00000010,0.00000010,1,10000000
Top Center,0,0.00003400,0.00003400,340,29412
Top Center,1,0.00041400,0.00044800,4140,2232
Top Center,2,0.00233500,0.00278300,23350,359
Top Center,3,0.00870680,0.01148980,87068,87
Top Center,4,0.02365900,0.03514880,236590,28
Top Center,5,0.05003570,0.08518450,500357,12
Top Center,6,0.08545670,0.17064120,854567,6
Top Center,7,0.12123300,0.29187420,1212330,3
Top Center,8,0.14591460,0.43778880,1459146,2
Top Center,9,0.15070210,0.58849090,1507021,2
Top Center,10,0.13557000,0.72406090,1355700,1
Top Center,11,0.10694630,0.83100720,1069463,1
Top Center,12,0.07481640,0.90582360,748164,1
Top Center,13,0.04645410,0.09417640,464541,11
Top Center,14,0.02569480,0.04772230,256948,21
Top Center,15,0.01282540,0.02202750,128254,45
Top Center,16,0.00570400,0.00920210,57040,109
Top Center,17,0.00229070,0.00349810,22907,286
Top Center,18,0.00082550,0.00120740,8255,828
Top Center,19,0.00027470,0.00038190,2747,2618
Top Center,20,0.00007760,0.00010720,776,9328
Top Center,21,0.00002330,0.00002960,233,33784
Top Center,22,0.00000440,0.00000630,44,158730
Top Center,23,0.00000170,0.00000190,17,526316
Top Center,25,0.00000020,0.00000020,2,5000000
Top Ends,0,0.00001010,0.00001010,101,99010
Top Ends,1,0.00012680,0.00013690,1268,7305
Top Ends,2,0.00080610,0.00094300,8061,1060
Top Ends,3,0.00346730,0.00441030,34673,227
Top Ends,4,0.01092650,0.01533680,109265,65
Top Ends,5,0.02656440,0.04190120,265644,24
Top Ends,6,0.05219680,0.09409800,521968,11
Top Ends,7,0.08531150,0.17940950,853115,6
Top Ends,8,0.11796720,0.29737670,1179672,3
Top Ends,9,0.14087920,0.43825590,1408792,2
Top Ends,10,0.14575040,0.58400630,1457504,2
Top Ends,11,0.13231700,0.71632330,1323170,1
Top Ends,12,0.10649220,0.82281550,1064922,1
Top Ends,13,0.07599260,0.17718450,759926,6
Top Ends,14,0.04845180,0.10119190,484518,10
Top Ends,15,0.02769200,0.05274010,276920,19
Top Ends,16,0.01420020,0.02504810,142002,40
Top Ends,17,0.00658820,0.01084790,65882,92
Top Ends,18,0.00270810,0.00425970,27081,235
Top Ends,19,0.00105240,0.00155160,10524,644
Top Ends,20,0.00035160,0.00049920,3516,2003
Top Ends,21,0.00010770,0.00014760,1077,6775
Top Ends,22,0.00003130,0.00003990,313,25063
Top Ends,23,0.00000710,0.00000860,71,116279
Top Ends,24,0.00000120,0.00000150,12,666667
Top Ends,25,0.00000030,0.00000030,3,3333333
Top Ends - Center,-21,0.00000020,0.00000020,2,5000000
Top Ends - Center,-20,0.00000050,0.00000070,5,1428571
Top Ends - Center,-19,0.00000180,0.00000250,18,400000
Top Ends - Center,-18,0.00000630,0.00000880,63,113636
Top Ends - Center,-17,0.00001390,0.00002270,139,44053
Top Ends - Center,-16,0.00003740,0.00006010,374,16639
Top Ends - Center,-15,0.00010080,0.00016090,1008,6215
Top Ends - Center,-14,0.00023380,0.00039470,2338,2534
Top Ends - Center,-13,0.00051700,0.00091170,5170,1097
Top Ends - Center,-12,0.00104040,0.00195210,10404,512
Top Ends - Center,-11,0.00205260,0.00400470,20526,250
Top Ends - Center,-10,0.00381020,0.00781490,38102,128
Top Ends - Center,-9,0.00658030,0.01439520,65803,69
Top Ends - Center,-8,0.01088990,0.02528510,108899,40
Top Ends - Center,-7,0.01711820,0.04240330,171182,24
Top Ends - Center,-6,0.02521210,0.06761540,252121,15
Top Ends - Center,-5,0.03559330,0.10320870,355933,10
Top Ends - Center,-4,0.04743360,0.15064230,474336,7
Top Ends - Center,-3,0.05995220,0.21059450,599522,5
Top Ends - Center,-2,0.07199910,0.28259360,719991,4
Top Ends - Center,-1,0.08221300,0.36480660,822130,3
Top Ends - Center,0,0.08884590,,888459,0
Top Ends - Center,1,0.09136410,0.54634750,913641,2
Top Ends - Center,2,0.08906480,0.45498340,890648,2
Top Ends - Center,3,0.08247900,0.36591860,824790,3
Top Ends - Center,4,0.07237950,0.28343960,723795,4
Top Ends - Center,5,0.06033400,0.21106010,603340,5
Top Ends - Center,6,0.04769860,0.15072610,476986,7
Top Ends - Center,7,0.03567790,0.10302750,356779,10
Top Ends - Center,8,0.02531250,0.06734960,253125,15
Top Ends - Center,9,0.01708600,0.04203710,170860,24
Top Ends - Center,10,0.01084530,0.02495110,108453,40
Top Ends - Center,11,0.00650380,0.01410580,65038,71
Top Ends - Center,12,0.00371830,0.00760200,37183,132
Top Ends - Center,13,0.00199850,0.00388370,19985,257
Top Ends - Center,14,0.00103160,0.00188520,10316,530
Top Ends - Center,15,0.00048460,0.00085360,4846,1172
Top Ends - Center,16,0.00021810,0.00036900,2181,2710
Top Ends - Center,17,0.00009120,0.00015090,912,6627
Top Ends - Center,18,0.00003850,0.00005970,385,16750
Top Ends - Center,19,0.00001410,0.00002120,141,47170
Top Ends - Center,20,0.00000480,0.00000710,48,140845
Top Ends - Center,21,0.00000170,0.00000230,17,434783
Top Ends - Center,22,0.00000050,0.00000060,5,1666667
Top Ends - Center,23,0.00000010,0.00000010,1,10000000
Upper Left,0,0.00003410,0.00003410,341,29326
Upper Left,1,0.00039900,0.00043310,3990,2309
Upper Left,2,0.00234840,0.00278150,23484,360
Upper Left,3,0.00872820,0.01150970,87282,87
Upper Left,4,0.02362370,0.03513340,236237,28
Upper Left,5,0.04996440,0.08509780,499644,12
Upper Left,6,0.08543590,0.17053370,854359,6
Upper Left,7,0.12115180,0.29168550,1211518,3
Upper Left,8,0.14576000,0.43744550,1457600,2
Upper Left,9,0.15062120,0.58806670,1506212,2
Upper Left,10,0.13568830,0.72375500,1356883,1
Upper Left,11,0.10711820,0.83087320,1071182,1
Upper Left,12,0.07490680,,749068,0
Upper Left,13,0.04646980,0.09422000,464698,11
Upper Left,14,0.02577660,0.04775020,257766,21
Upper Left,15,0.01277960,0.02197360,127796,46
Upper Left,16,0.00570030,0.00919400,57003,109
Upper Left,17,0.00227870,0.00349370,22787,286
Upper Left,18,0.00084050,0.00121500,8405,823
Upper Left,19,0.00027510,0.00037450,2751,2670
Upper Left,20,0.00007330,0.00009940,733,10060
Upper Left,21,0.00001990,0.00002610,199,38314
Upper Left,22,0.00000450,0.00000620,45,161290
Upper Left,23,0.00000140,0.00000170,14,588235
Upper Left,24,0.00000030,0.00000030,3,3333333
Upper Right,0,0.00003790,0.00003790,379,26385
Upper Right,1,0.00042060,0.00045850,4206,2181
Upper Right,2,0.00236010,0.00281860,23601,355
Upper Right,3,0.00871300,0.01153160,87130,87
Upper Right,4,0.02374670,0.03527830,237467,28
Upper Right,5,0.04997570,0.08525400,499757,12
Upper Right,6,0.08535220,0.17060620,853522,6
Upper Right,7,0.12124970,0.29185590,1212497,3
Upper Right,8,0.14567400,0.43752990,1456740,2
Upper Right,9,0.15067860,0.58820850,1506786,2
Upper Right,10,0.13566550,0.72387400,1356655,1
Upper Right,11,0.10709990,0.83097390,1070999,1
Upper Right,12,0.07483840,,748384,0
Upper Right,13,0.04649540,0.09418770,464954,11
Upper Right,14,0.02572270,0.04769230,257227,21
Upper Right,15,0.01277790,0.02196960,127779,46
Upper Right,16,0.00568470,0.00919170,56847,109
Upper Right,17,0.00229800,0.00350700,22980,285
Upper Right,18,0.00082620,0.00120900,8262,827
Upper Right,19,0.00027250,0.00038280,2725,2612
Upper Right,20,0.00008360,0.00011030,836,9066
Upper Right,21,0.00002250,0.00002670,225,37453
Upper Right,22,0.00000320,0.00000420,32,238095
Upper Right,23,0.00000080,0.00000100,8,1000000
Upper Right,24,0.00000020,0.00000020,2,5000000
Variance (Within-Run Spread),0.21052600,0.00000020,0.00000020,2,5000000
Variance (Within-Run Spread),0.26315800,0.00000180,0.00000200,18,500000
Variance (Within-Run Spread),0.31578900,0.00001860,0.00002060,186,48544
Variance (Within-Run Spread),0.36842100,0.00014210,0.00016270,1421,6146
Variance (Within-Run Spread),0.42105300,0.00068360,0.00084630,6836,1182
Variance (Within-Run Spread),0.47368400,0.00245710,0.00330340,24571,303
Variance (Within-Run Spread),0.52631600,0.00687210,0.01017550,68721,98
Variance (Within-Run Spread),0.57894700,0.01543300,0.02560850,154330,39
Variance (Within-Run Spread),0.63157900,0.02890190,0.05451040,289019,18
Variance (Within-Run Spread),0.68421100,0.04649190,0.10100230,464919,10
Variance (Within-Run Spread),0.73684200,0.06557490,0.16657720,655749,6
Variance (Within-Run Spread),0.78947400,0.08251260,0.24908980,825126,4
Variance (Within-Run Spread),0.84210500,0.09444990,0.34353970,944499,3
Variance (Within-Run Spread),0.89473700,0.09988380,0.44342350,998838,2
Variance (Within-Run Spread),0.94736800,0.09854680,0.54197030,985468,2
Variance (Within-Run Spread),1,0.09150660,0.63347690,915066,2
Variance (Within-Run Spread),1.05263200,0.08066860,0.71414550,806686,1
Variance (Within-Run Spread),1.10526300,0.06786300,0.78200850,678630,1
Variance (Within-Run Spread),1.15789500,0.05523740,0.83724590,552374,1
Variance (Within-Run Spread),1.21052600,0.04333670,0.88058260,433367,1
Variance (Within-Run Spread),1.26315800,0.03323510,0.91381770,332351,1
Variance (Within-Run Spread),1.31578900,0.02479000,0.93860770,247900,1
Variance (Within-Run Spread),1.36842100,0.01815070,0.95675840,181507,1
Variance (Within-Run Spread),1.42105300,0.01304630,0.96980470,130463,1
Variance (Within-Run Spread),1.47368400,0.00928490,0.97908960,92849,1
Variance (Within-Run Spread),1.52631600,0.00649970,0.98558930,64997,1
Variance (Within-Run Spread),1.57894700,0.00454260,0.99013190,45426,1
Variance (Within-Run Spread),1.63157900,0.00313980,0.99327170,31398,1
Variance (Within-Run Spread),1.68421100,0.00212900,0.99540070,21290,1
Variance (Within-Run Spread),1.73684200,0.00147360,0.99687430,14736,1
Variance (Within-Run Spread),1.78947400,0.00100690,0.00312570,10069,320
Variance (Within-Run Spread),1.84210500,0.00068090,0.00211880,6809,472
Variance (Within-Run Spread),1.89473700,0.00045950,0.00143790,4595,695
Variance (Within-Run Spread),1.94736800,0.00031250,0.00097840,3125,1022
Variance (Within-Run Spread),2,0.00021160,0.00066590,2116,1502
Variance (Within-Run Spread),2.05263200,0.00014360,0.00045430,1436,2201
Variance (Within-Run Spread),2.10526300,0.00009920,0.00031070,992,3219
Variance (Within-Run Spread),2.15789500,0.00006700,0.00021150,670,4728
Variance (Within-Run Spread),2.21052600,0.00004510,0.00014450,451,6920
Variance (Within-Run Spread),2.26315800,0.00003150,0.00009940,315,10060
Variance (Within-Run Spread),2.31578900,0.00002010,0.00006790,201,14728
Variance (Within-Run Spread),2.36842100,0.00001340,0.00004780,134,20921
Variance (Within-Run Spread),2.42105300,0.00001110,0.00003440,111,29070
Variance (Within-Run Spread),2.47368400,0.00000780,0.00002330,78,42918
Variance (Within-Run Spread),2.52631600,0.00000480,0.00001550,48,64516
Variance (Within-Run Spread),2.57894700,0.00000370,0.00001070,37,93458
Variance (Within-Run Spread),2.63157900,0.00000210,0.00000700,21,142857
Variance (Within-Run Spread),2.68421100,0.00000080,0.00000490,8,204082
Variance (Within-Run Spread),2.73684200,0.00000130,0.00000410,13,243902
Variance (Within-Run Spread),2.78947400,0.00000110,0.00000280,11,357143
Variance (Within-Run Spread),2.84210500,0.00000040,0.00000170,4,588235
Variance (Within-Run Spread),2.89473700,0.00000040,0.00000130,4,769231
Variance (Within-Run Spread),2.94736800,0.00000020,0.00000090,2,1111111
Variance (Within-Run Spread),3,0.00000020,0.00000070,2,1428571
Variance (Within-Run Spread),3.05263200,0.00000010,0.00000050,1,2000000
Variance (Within-Run Spread),3.21052600,0.00000010,0.00000040,1,2500000
Variance (Within-Run Spread),3.26315800,0.00000010,0.00000030,1,3333333
Variance (Within-Run Spread),3.31578900,0.00000010,0.00000020,1,5000000
Variance (Within-Run Spread),3.36842100,0.00000010,0.00000010,1,10000000
Variance Difference (Top - Bottom),-5.47368400,0.00000010,0.00000010,1,10000000
Variance Difference (Top - Bottom),-4.84210500,0.00000010,0.00000020,1,5000000
Variance Difference (Top - Bottom),-4.63157900,0.00000010,0.00000030,1,3333333
Variance Difference (Top - Bottom),-4.52631600,0.00000010,0.00000040,1,2500000
Variance Difference (Top - Bottom),-4.31578900,0.00000010,0.00000050,1,2000000
Variance Difference (Top - Bottom),-4.21052600,0.00000030,0.00000080,3,1250000
Variance Difference (Top - Bottom),-4.10526300,0.00000010,0.00000090,1,1111111
Variance Difference (Top - Bottom),-4,0.00000020,0.00000110,2,909091
Variance Difference (Top - Bottom),-3.89473700,0.00000030,0.00000140,3,714286
Variance Difference (Top - Bottom),-3.78947400,0.00000040,0.00000180,4,555556
Variance Difference (Top - Bottom),-3.68421100,0.00000120,0.00000300,12,333333
Variance Difference (Top - Bottom),-3.57894700,0.00000120,0.00000420,12,238095
Variance Difference (Top - Bottom),-3.47368400,0.00000150,0.00000570,15,175439
Variance Difference (Top - Bottom),-3.36842100,0.00000150,0.00000720,15,138889
Variance Difference (Top - Bottom),-3.26315800,0.00000360,0.00001080,36,92593
Variance Difference (Top - Bottom),-3.15789500,0.00000460,0.00001540,46,64935
Variance Difference (Top - Bottom),-3.05263200,0.00000670,0.00002210,67,45249
Variance Difference (Top - Bottom),-2.94736800,0.00001140,0.00003350,114,29851
Variance Difference (Top - Bottom),-2.84210500,0.00001530,0.00004880,153,20492
Variance Difference (Top - Bottom),-2.73684200,0.00002630,0.00007510,263,13316
Variance Difference (Top - Bottom),-2.63157900,0.00003240,0.00010750,324,9302
Variance Difference (Top - Bottom),-2.52631600,0.00004540,0.00015290,454,6540
Variance Difference (Top - Bottom),-2.42105300,0.00007020,0.00022310,702,4482
Variance Difference (Top - Bottom),-2.31578900,0.00010260,0.00032570,1026,3070
Variance Difference (Top - Bottom),-2.21052600,0.00015040,0.00047610,1504,2100
Variance Difference (Top - Bottom),-2.10526300,0.00021970,0.00069580,2197,1437
Variance Difference (Top - Bottom),-2,0.00032920,0.00102500,3292,976
Variance Difference (Top - Bottom),-1.89473700,0.00048140,0.00150640,4814,664
Variance Difference (Top - Bottom),-1.78947400,0.00070970,0.00221610,7097,451
Variance Difference (Top - Bottom),-1.68421100,0.00104820,0.00326430,10482,306
Variance Difference (Top - Bottom),-1.57894700,0.00154130,0.00480560,15413,208
Variance Difference (Top - Bottom),-1.47368400,0.00227430,0.00707990,22743,141
Variance Difference (Top - Bottom),-1.36842100,0.00336650,0.01044640,33665,96
Variance Difference (Top - Bottom),-1.26315800,0.00487350,0.01531990,48735,65
Variance Difference (Top - Bottom),-1.15789500,0.00701630,0.02233620,70163,45
Variance Difference (Top - Bottom),-1.05263200,0.01007290,0.03240910,100729,31
Variance Difference (Top - Bottom),-0.94736800,0.01410910,0.04651820,141091,21
Variance Difference (Top - Bottom),-0.84210500,0.01961320,0.06613140,196132,15
Variance Difference (Top - Bottom),-0.73684200,0.02663830,0.09276970,266383,11
Variance Difference (Top - Bottom),-0.63157900,0.03523080,0.12800050,352308,8
Variance Difference (Top - Bottom),-0.52631600,0.04534810,0.17334860,453481,6
Variance Difference (Top - Bottom),-0.42105300,0.05642410,0.22977270,564241,4
Variance Difference (Top - Bottom),-0.31578900,0.06739980,0.29717250,673998,3
Variance Difference (Top - Bottom),-0.21052600,0.07665000,0.37382250,766500,3
Variance Difference (Top - Bottom),-0.10526300,0.08331770,0.45714020,833177,2
Variance Difference (Top - Bottom),0,0.08554460,,855446,0
Variance Difference (Top - Bottom),0.10526300,0.08334050,0.45731520,833405,2
Variance Difference (Top - Bottom),0.21052600,0.07659940,0.37397470,765994,3
Variance Difference (Top - Bottom),0.31578900,0.06733940,0.29737530,673394,3
Variance Difference (Top - Bottom),0.42105300,0.05643390,0.23003590,564339,4
Variance Difference (Top - Bottom),0.52631600,0.04544660,0.17360200,454466,6
Variance Difference (Top - Bottom),0.63157900,0.03527640,0.12815540,352764,8
Variance Difference (Top - Bottom),0.73684200,0.02664910,0.09287900,266491,11
Variance Difference (Top - Bottom),0.84210500,0.01956490,0.06622990,195649,15
Variance Difference (Top - Bottom),0.94736800,0.01420980,0.04666500,142098,21
Variance Difference (Top - Bottom),1.05263200,0.01003900,0.03245520,100390,31
Variance Difference (Top - Bottom),1.15789500,0.00704180,0.02241620,70418,45
Variance Difference (Top - Bottom),1.26315800,0.00488130,0.01537440,48813,65
Variance Difference (Top - Bottom),1.36842100,0.00335870,0.01049310,33587,95
Variance Difference (Top - Bottom),1.47368400,0.00233210,0.00713440,23321,140
Variance Difference (Top - Bottom),1.57894700,0.00155520,0.00480230,15552,208
Variance Difference (Top - Bottom),1.68421100,0.00105410,0.00324710,10541,308
Variance Difference (Top - Bottom),1.78947400,0.00070950,0.00219300,7095,456
Variance Difference (Top - Bottom),1.89473700,0.00047950,0.00148350,4795,674
Variance Difference (Top - Bottom),2,0.00032200,0.00100400,3220,996
Variance Difference (Top - Bottom),2.10526300,0.00022390,0.00068200,2239,1466
Variance Difference (Top - Bottom),2.21052600,0.00014490,0.00045810,1449,2183
Variance Difference (Top - Bottom),2.31578900,0.00009640,0.00031320,964,3193
Variance Difference (Top - Bottom),2.42105300,0.00006920,0.00021680,692,4613
Variance Difference (Top - Bottom),2.52631600,0.00004590,0.00014760,459,6775
Variance Difference (Top - Bottom),2.63157900,0.00003150,0.00010170,315,9833
Variance Difference (Top - Bottom),2.73684200,0.00002070,0.00007020,207,14245
Variance Difference (Top - Bottom),2.84210500,0.00001580,0.00004950,158,20202
Variance Difference (Top - Bottom),2.94736800,0.00001060,0.00003370,106,29674
Variance Difference (Top - Bottom),3.05263200,0.00000710,0.00002310,71,43290
Variance Difference (Top - Bottom),3.15789500,0.00000410,0.00001600,41,62500
Variance Difference (Top - Bottom),3.26315800,0.00000310,0.00001190,31,84034
Variance Difference (Top - Bottom),3.36842100,0.00000370,0.00000880,37,113636
Variance Difference (Top - Bottom),3.47368400,0.00000140,0.00000510,14,196078
Variance Difference (Top - Bottom),3.57894700,0.00000160,0.00000370,16,270270
Variance Difference (Top - Bottom),3.68421100,0.00000050,0.00000210,5,476190
Variance Difference (Top - Bottom),3.78947400,0.00000020,0.00000160,2,625000
Variance Difference (Top - Bottom),3.89473700,0.00000040,0.00000140,4,714286
Variance Difference (Top - Bottom),4,0.00000050,0.00000100,5,1000000
Variance Difference (Top - Bottom),4.21052600,0.00000020,0.00000050,2,2000000
Variance Difference (Top - Bottom),4.31578900,0.00000010,0.00000030,1,3333333
Variance Difference (Top - Bottom),5.15789500,0.00000010,0.00000020,1,5000000
Variance Difference (Top - Bottom),5.26315800,0.00000010,0.00000010,1,10000000
Zero Sums Total,0,0.00000900,0.00000900,90,111111
Zero Sums Total,1,0.00012710,0.00013610,1271,7348
Zero Sums Total,2,0.00081360,0.00094970,8136,1053
Zero Sums Total,3,0.00351390,0.00446360,35139,224
Zero Sums Total,4,0.01097140,0.01543500,109714,65
Zero Sums Total,5,0.02666340,0.04209840,266634,24
Zero Sums Total,6,0.05229080,0.09438920,522908,11
Zero Sums Total,7,0.08541330,0.17980250,854133,6
Zero Sums Total,8,0.11807580,0.29787830,1180758,3
Zero Sums Total,9,0.14046380,0.43834210,1404638,2
Zero Sums Total,10,0.14568760,0.58402970,1456876,2
Zero Sums Total,11,0.13255950,0.71658920,1325595,1
Zero Sums Total,12,0.10632920,0.82291840,1063292,1
Zero Sums Total,13,0.07599090,0.89890930,759909,1
Zero Sums Total,14,0.04839650,0.10109070,483965,10
Zero Sums Total,15,0.02765880,0.05269420,276588,19
Zero Sums Total,16,0.01420300,0.02503540,142030,40
Zero Sums Total,17,0.00656640,0.01083240,65664,92
Zero Sums Total,18,0.00274690,0.00426600,27469,234
Zero Sums Total,19,0.00103180,0.00151910,10318,658
Zero Sums Total,20,0.00034710,0.00048730,3471,2052
Zero Sums Total,21,0.00010310,0.00014020,1031,7133
Zero Sums Total,22,0.00002720,0.00003710,272,26954
Zero Sums Total,23,0.00000730,0.00000990,73,101010
Zero Sums Total,24,0.00000190,0.00000260,19,384615
Zero Sums Total,25,0.00000060,0.00000070,6,1428571
Zero Sums Total,27,0.00000010,0.00000010,1,10000000
