{"path":"Eric%20Zachary%20Ryder","deepCounters":{"webPages":1,"total":232,"images":225,"folders":6,"files":226},"counters":{"webPages":1,"total":8,"images":1,"folders":6,"files":2},"thumb":{"path":"thumbs\/Wintry%20Province%2032x17-bw.jpg","width":212,"height":170},"objects":[{"path":"Wintry%20Province%2032x17-bw.jpg","image":{"path":"slides\/Wintry%20Province%2032x17-bw.jpg","width":1000,"height":588},"thumb":{"path":"thumbs\/Wintry%20Province%2032x17-bw.jpg","width":212,"height":170},"fileSize":10624894,"photodata":"<p><b>Format<\/b> <i>image\/jpeg<\/i><\/p><p><b>Original Date<\/b> <i>9\/8\/07, 10:14 AM<\/i><\/p><p><b>Make<\/b> <i>Canon<\/i><\/p><p><b>Camera<\/b> <i>Canon EOS 5D<\/i><\/p><p><b>Focal Length (35mm)<\/b> <i>26mm<\/i><\/p><p><b>Metering Mode<\/b> <i>Multi-segment<\/i><\/p><p><b>ISO Equivalent<\/b> <i>100<\/i><\/p><p><b>Exposure Time<\/b> <i>1\/250s<\/i><\/p><p><b>Aperture<\/b> <i>ƒ\/8.0<\/i><\/p><p><b>Exposure bias<\/b> <i>1 EV<\/i><\/p><p><b>Exposure Program<\/b> <i>Aperture priority<\/i><\/p><p><b>White balance<\/b> <i>Manual white balance<\/i><\/p><p><b>Flash<\/b> <i>Flash did not fire<\/i><\/p><p><b>Resolution<\/b> <i>6120 x 3600<\/i><\/p>","name":"Wintry Province 32x17-bw.jpg","dates":{"dateTaken":1189271667},"fileDate":"2023-08-31T12:54:17.553Z","category":"image","camera":{"aperture":8.0,"exposureTime":"1\/250s","originalDate":"2007-09-08T10:14:27.0Z","cameraModel":"Canon EOS 5D","focalLength35mm":"26mm","resolution":"6120 x 3600","cameraMake":"Canon","isoEquivalent":100,"flash":"Flash did not fire","focalLength":"26mm"}},{"path":"Infrared","deepCounters":{"total":60,"images":60,"files":60},"counters":{"total":60,"images":60,"files":60},"thumb":{"path":"Infrared\/thumbs\/Wintry%20Province%2032x17-bw.jpg","width":212,"height":170},"thumbCaption":"<h3>Infrared<\/h3>","name":"Infrared","dates":{"dateRange":{"0":1151043793,"1":1693511657}},"fileDate":"2023-09-05T17:51:44.518Z","category":"folder"},{"path":"Miscellaneous","deepCounters":{"total":95,"images":95,"files":95},"counters":{"total":95,"images":95,"files":95},"thumb":{"path":"Miscellaneous\/thumbs\/18879800.flwrs1.jpg","width":212,"height":170},"thumbCaption":"<h3>Miscellaneous<\/h3>","name":"Miscellaneous","dates":{"dateRange":{"0":-62170128000,"1":1693961314}},"fileDate":"2023-09-07T11:50:45.699Z","category":"folder"},{"path":"Cars","deepCounters":{"total":23,"images":23,"files":23},"counters":{"total":23,"images":23,"files":23},"thumb":{"path":"Cars\/thumbs\/Concourse-Cars-2005-014.jpg","width":212,"height":170},"thumbCaption":"<h3>Cars<\/h3>","name":"Cars","dates":{"dateRange":{"0":1216969200,"1":1693963134}},"fileDate":"2023-09-07T11:49:33.599Z","category":"folder"},{"path":"Real%20Art","deepCounters":{"total":12,"images":12,"files":12},"counters":{"total":12,"images":12,"files":12},"thumb":{"path":"Real%20Art\/thumbs\/IMG_0297.jpg","width":212,"height":170},"thumbCaption":"<h3>Real Art<\/h3>","name":"Real Art","dates":{"dateRange":{"0":1230796800,"1":1572027694}},"fileDate":"2023-09-05T17:40:06.848Z","category":"folder"},{"path":"Wine%20Country","deepCounters":{"total":25,"images":25,"files":25},"counters":{"total":25,"images":25,"files":25},"thumb":{"path":"Wine%20Country\/thumbs\/DSCF0047.JPG","width":212,"height":170},"thumbCaption":"<h3>Wine Country<\/h3>","name":"Wine Country","dates":{"dateRange":{"0":1216969200,"1":1693963053}},"fileDate":"2023-09-07T11:51:52.0Z","category":"folder"},{"path":"Black%20and%20White","deepCounters":{"total":9,"images":9,"files":9},"counters":{"total":9,"images":9,"files":9},"thumb":{"path":"Black%20and%20White\/thumbs\/P1010275.JPG","width":212,"height":170},"thumbCaption":"<h3>Black and White<\/h3>","name":"Black and White","dates":{"dateRange":{"0":-62170128000,"1":1605077690}},"fileDate":"2023-09-06T16:00:41.861Z","category":"folder"},{"path":"About.html","thumb":{"path":"res\/htt.png","width":170,"height":170},"fileSize":2279,"thumbCaption":"<h6>About<\/h6>","name":"About.html","fileDate":"2022-10-31T09:49:00.0Z","category":"webPage"}],"name":"Eric Zachary Ryder","dates":{"dateRange":{"0":1151043793,"1":1693963134}},"fileDate":"2023-09-06T15:58:42.585Z"}