{"path":"Eric%20Zachary%20Ryder","folders":[{"path":"Infrared","counters":{"total":60,"images":60,"files":60},"thumb":{"path":"Infrared\/thumbs\/Wintry%20Province%2032x17-bw.jpg","width":212,"height":170},"thumbCaption":"<h3>Infrared<\/h3>","name":"Infrared","dates":{"dateRange":{"0":1151043793,"1":1693511657}},"fileDate":"2023-09-05T17:51:44.518Z"},{"path":"Miscellaneous","counters":{"total":95,"images":95,"files":95},"thumb":{"path":"Miscellaneous\/thumbs\/18879800.flwrs1.jpg","width":212,"height":170},"thumbCaption":"<h3>Miscellaneous<\/h3>","name":"Miscellaneous","dates":{"dateRange":{"0":-62170128000,"1":1693961314}},"fileDate":"2023-09-07T11:50:45.699Z"},{"path":"Cars","counters":{"total":23,"images":23,"files":23},"thumb":{"path":"Cars\/thumbs\/Concourse-Cars-2005-014.jpg","width":212,"height":170},"thumbCaption":"<h3>Cars<\/h3>","name":"Cars","dates":{"dateRange":{"0":1216969200,"1":1693963134}},"fileDate":"2023-09-07T11:49:33.599Z"},{"path":"Real%20Art","counters":{"total":12,"images":12,"files":12},"thumb":{"path":"Real%20Art\/thumbs\/IMG_0297.jpg","width":212,"height":170},"thumbCaption":"<h3>Real Art<\/h3>","name":"Real Art","dates":{"dateRange":{"0":1230796800,"1":1572027694}},"fileDate":"2023-09-05T17:40:06.848Z"},{"path":"Wine%20Country","counters":{"total":25,"images":25,"files":25},"thumb":{"path":"Wine%20Country\/thumbs\/DSCF0047.JPG","width":212,"height":170},"thumbCaption":"<h3>Wine Country<\/h3>","name":"Wine Country","dates":{"dateRange":{"0":1216969200,"1":1693963053}},"fileDate":"2023-09-07T11:51:52.0Z"},{"path":"Black%20and%20White","counters":{"total":9,"images":9,"files":9},"thumb":{"path":"Black%20and%20White\/thumbs\/P1010275.JPG","width":212,"height":170},"thumbCaption":"<h3>Black and White<\/h3>","name":"Black and White","dates":{"dateRange":{"0":-62170128000,"1":1605077690}},"fileDate":"2023-09-06T16:00:41.861Z"}],"counters":{"webPages":1,"total":8,"images":1,"folders":6,"files":2},"thumb":{"path":"thumbs\/Wintry%20Province%2032x17-bw.jpg","width":212,"height":170},"name":"Eric Zachary Ryder","dates":{"dateRange":{"0":1151043793,"1":1693963134}},"fileDate":"2023-09-06T15:58:42.585Z"}